,Combined p-vlaue,AvgAdjP,AvgLogFC,Total_pF_padj,Total_pF_log2FC,PolyA_pF_padj,PolyA_pF_log2FC,Gage_pF_padj,Gage_pF_log2FC,Total_FC_padj,Total_FC_log2FC,Gage_FC_padj,Gage_FC_log2FC,Total_SN_padj,Total_SN_log2FC
NETO2,5.72329070587551e-15,0.002110305,2.192881548,1.00667062144985e-11,2.551810201,2.8972608472789e-11,3.355838536,3.99109686955688e-07,2.183682087,8.22569611322248e-12,1.620628198,1.64234134194836e-06,2.369271521,0.012659786,1.076058747
STRIP2,2.88252865284411e-06,0.05952505,1.068925899,0.008700298,0.819377206,0.001933874,1.699283628,0.184115652,1.040038841,4.60869862885261e-08,0.928948643,0.000823246,1.341655576,0.161577186,0.584251496
TRAF3IP2,4.00617612363789e-06,0.062881927,-0.676714343,0.090119476,-0.283623062,0.084134618,-0.599999429,0.043762637,-0.709970464,0.002621626,-0.693951555,0.001297377,-1.432271444,0.155355826,-0.340470107
GPRIN1,1.11655198457597e-05,0.074596306,1.03645376,0.06245465,0.720270877,0.060670249,1.059093204,0.212045608,0.833174215,0.006618829,0.560526286,0.001100776,2.271304623,0.104687726,0.774353356
PLCB1,1.14460328650861e-05,0.074905435,1.000040089,0.001143329,1.026266857,0.214688557,0.729193355,0.143611983,1.175543008,2.27874097124993e-05,1.068691972,0.000125124,1.510886141,0.08984083,0.489659202
SPATA18,9.18203599851173e-05,0.105980834,-1.158191028,0.006700419,-1.011818869,0.564727638,-0.682751723,0.01004035,-0.757998392,8.9896354877316e-14,-1.478400467,0.051455611,-1.735206839,0.002960983,-1.282969879
PEG10,0.000131696,0.112546674,1.241720903,0.455303879,0.617447819,4.62602540166546e-07,2.507157901,0.027852864,1.439839413,0.151589432,0.294887053,0.015188407,1.294184942,0.025345,1.296808289
GNAZ,0.000198428,0.120504932,1.600152236,0.00527466,1.751866344,0.182267448,1.969009555,8.46366433079062e-11,4.547730848,0.005304518,0.419093438,0.464592649,0.561982875,0.065590318,0.351230356
CD14,0.000456245,0.138442846,-1.182329127,0.012198015,-0.894523383,0.608783017,-0.725120582,0.008355358,-2.138030431,0.155226105,-0.591717917,0.025937511,-1.605520512,0.02015707,-1.139061935
ASAP3,0.000480527,0.139644493,-0.730246666,0.001949141,-0.625040653,0.026589052,-0.803179558,0.119486719,-1.072344284,0.01512201,-0.536520314,0.015103716,-1.213749793,0.659616319,-0.130645391
ABHD14B,0.000768921,0.151025778,-0.660566998,0.018491365,-0.285972071,0.563887953,-0.422085301,0.026193309,-0.784953162,0.066451946,-0.451234353,0.001478766,-1.746200037,0.229651328,-0.272957065
TNXB,0.000780235,0.151393907,-1.741983943,0.34774857,-0.917834215,0.050047615,-1.57232185,1.35386752891162e-12,-5.565652538,0.070452006,-0.699959335,0.004777062,-1.269156744,0.435338189,-0.426978975
NEK11,0.00082746,0.152883997,-0.52509239,0.115829999,-0.394037414,0.497097198,-0.506793024,0.106729941,-0.756535754,2.60058787718219e-06,-0.468250154,0.045964096,-0.777447672,0.151680149,-0.247490323
MMP16,0.000992807,0.157597128,0.733787606,0.08259863,0.647652119,0.112397202,1.175953329,0.653193086,0.558406738,0.080533186,0.266964371,0.012667233,1.243267894,0.004193431,0.510481185
IL11RA,0.001063595,0.159416611,-0.601687792,0.132291687,-0.442632927,0.036089784,-0.551100962,0.327941804,-0.78134616,0.001187702,-0.799417492,0.100930388,-0.804701672,0.358058302,-0.230927538
PHLDA1,0.001080857,0.159844933,0.807391159,0.317346316,0.429380123,0.002948994,1.409262386,0.161392569,1.552775452,1.68412735826394e-08,0.629407852,0.13275293,0.596312693,0.344628772,0.22720845
TCEA3,0.001164272,0.161837773,-0.673977117,0.289972561,-0.47784689,0.030736521,-0.994008605,0.470324906,-0.463087998,0.014203505,-0.658183519,0.053763009,-0.991944147,0.112026135,-0.458791543
TYMP,0.001192235,0.162479204,-0.980548067,0.18385412,-0.518622085,0.092756952,-0.999226812,0.478707964,-0.590143375,0.157512545,-0.674157698,2.99840249292058e-05,-2.264693368,0.062013661,-0.836445066
UBE2T,0.001235815,0.163454317,1.012811956,0.02629857,0.787842378,2.37419054348738e-07,2.021617616,0.44522583,0.786991894,0.00227453,0.921786421,0.264464371,0.857802718,0.242462364,0.700830711
KPNA2,0.001412255,0.167130745,0.728762174,0.068705813,0.572579947,0.000348182,1.704170436,0.620488223,0.317571099,4.29455465303172e-06,0.762386982,0.286076675,0.440356751,0.027161281,0.575507827
CKS2,0.001436726,0.167609953,1.137984104,0.250287625,0.544828513,8.69905759086487e-07,2.43035728,0.100772532,1.294707529,0.000979738,1.003499128,0.563538536,0.623248425,0.090080418,0.931263751
CYCS,0.001446993,0.167809,0.529273868,0.002706982,0.306519621,0.473242989,0.443867655,0.467550303,0.428540125,4.84811598621977e-08,0.832411126,0.006587754,0.766840926,0.056765926,0.397463755
ZHX2,0.001541307,0.169584322,-0.656858313,0.124743775,-0.380297654,0.000901023,-0.845641112,0.002859264,-1.053105466,0.211150661,-0.369461978,0.07341253,-1.186885378,0.604438677,-0.105758289
CAPG,0.001941278,0.176232276,-0.912010413,0.230866431,-0.562380648,0.305711897,-0.583764933,0.226845679,-0.784512239,0.071059426,-0.713419191,0.011243883,-2.356974016,0.211666338,-0.471011453
PDGFRB,0.002190407,0.179814635,-0.684712781,0.028345688,-0.617365126,0.012456634,-0.944713816,0.040819731,-1.11811097,0.640027557,-0.170160156,0.21677492,-0.863274731,0.140463282,-0.394651888
TENC1,0.002204956,0.180013142,-0.660401145,0.085167942,-0.357786565,0.322491534,-0.376869122,0.524309149,-0.563231722,0.054956093,-0.639982621,0.018326912,-1.454636766,0.074827224,-0.569900074
ZNF518B,0.002326178,0.181626049,0.566101248,0.075916711,0.577195486,0.285723219,0.505140974,0.700121801,0.242600611,9.83378333617424e-08,0.52484593,0.010496008,1.087936251,0.017498455,0.458888239
FAM216A,0.002374316,0.182247148,0.499493088,0.139140639,0.335752384,0.152834392,0.67764396,0.090740722,0.881466871,0.107614182,0.271178109,0.244990766,0.598084521,0.358162189,0.232832683
PPIL1,0.002638625,0.185481631,0.480474907,0.161132342,0.228399114,0.547362496,0.370623947,0.174786465,0.835560228,0.000123084,0.49986505,0.195939419,0.479636242,0.033545981,0.46876486
TNFAIP8L1,0.002792373,0.187240805,0.802764799,0.310645168,0.393758771,0.00154929,1.469001059,0.518749948,0.658517997,0.001063395,0.716582851,0.050798286,1.226210688,0.24063874,0.35251743
SOX6,0.002867462,0.188070811,1.660516538,0.133006296,1.216065241,0.271522992,2.895520249,0.004332668,4.547954201,0.067943001,0.346121247,0.651618779,0.295494051,1.12906799529421e-06,0.66194424
ECT2,0.003163089,0.19117217,0.751694464,0.013047974,0.666001783,7.10726116714822e-08,1.597830468,0.844145134,0.184104874,2.52965339096867e-05,0.642766124,0.020656519,1.132504393,0.269158024,0.28695914
GLRX3,0.003280884,0.192340959,0.400973333,0.221923563,0.204555336,0.490624057,0.340736427,0.166964246,0.759638235,0.005070179,0.305907124,0.225200783,0.454411807,0.044262924,0.340591067
NEK9,0.003472015,0.194165146,-0.487207352,0.493529689,-0.146254207,0.157745566,-0.399737302,0.082365759,-0.941604135,0.003876621,-0.560954226,0.354635361,-0.630297398,0.072837879,-0.244396844
UBE2N,0.00384703,0.197514079,0.472255303,0.056120111,0.234939707,0.473523979,0.308401704,0.529475036,0.412749207,0.01068513,0.510585886,0.015253251,0.922149203,0.100026967,0.444706112
ROM1,0.004010099,0.198886145,-0.919406681,0.034720303,-0.512848981,0.599964201,-0.44568186,0.528412797,-0.413019638,0.009042549,-0.860013518,3.52129145320044e-06,-2.652180769,0.021173496,-0.632695317
H2AFZ,0.004170688,0.200192757,0.663664941,0.097158884,0.570653875,0.000366773,1.59535259,0.196011186,0.870777529,0.066288646,0.382444916,0.565437512,0.328136002,0.275893539,0.234624737
STAT2,0.004181772,0.200281389,-0.493794955,0.09513534,-0.353377472,0.001460517,-0.767769977,0.280504034,-0.646124659,0.01013353,-0.377650114,0.775420649,-0.172095418,0.039034263,-0.645752092
CSF1,0.00419818,0.200412239,-0.786220549,0.198985557,-0.398102732,0.441952446,-0.57508489,0.231228112,-1.379490444,0.006816702,-0.871899236,0.083283057,-1.168859145,0.240207563,-0.323886847
TMBIM1,0.004434663,0.202252465,-0.578348792,0.189383092,-0.251808443,0.354074528,-0.39392841,0.423366956,-0.36562731,0.029522465,-0.637338281,0.11460787,-1.495044124,0.102559881,-0.326346186
FOXO1,0.004657718,0.203914998,-0.802528887,0.323517158,-0.727974092,0.008935338,-1.689377592,0.019485273,-0.961162369,0.356031588,-0.272348813,0.219470548,-0.967697914,0.296050086,-0.196612544
ZWINT,0.004700743,0.204228055,0.86386278,0.109499062,0.695183168,7.22778018110789e-06,2.186754891,0.582427442,0.364417657,0.024494654,0.634813377,0.175429723,0.867632053,0.333510225,0.434375534
ISOC1,0.00507508,0.206855947,0.49630658,0.217485602,0.292763892,0.438751963,0.460737869,0.41881231,0.567233682,0.011359705,0.310609782,0.07987501,0.894162866,0.074851092,0.452331387
ENC1,0.005909782,0.212181935,0.896405127,0.150278824,0.242018657,0.282601802,0.678276525,0.415895516,0.843384445,0.000226702,1.197324035,0.000598994,1.989854933,0.423489772,0.42757217
HMGB3,0.006134458,0.213508568,0.654835178,0.094606233,0.517037069,0.00069112,1.550082546,0.388081378,0.500856541,0.000741812,0.550666658,0.476698015,0.454625208,0.320232847,0.355743049
MR1,0.006361423,0.214808567,-0.556397416,0.119812885,-0.428463384,0.043339296,-0.841668748,0.503973032,-0.563851655,0.061958962,-0.429271565,0.456116765,-0.637677356,0.103650464,-0.437451785
GAS2L3,0.00660781,0.216177156,1.056316083,0.024561253,0.68959891,2.58887528344268e-10,2.366482116,0.903922391,0.156347843,2.41387970185608e-07,1.241009824,0.127790454,1.391455922,0.240788597,0.493001885
AC005789.11,0.006823677,0.217342032,0.865308059,0.189805667,0.456454344,0.889301923,0.250369517,0.021895463,1.921102273,0.006398019,0.82721525,0.118257975,0.971715598,0.078393147,0.764991369
OLA1,0.007089326,0.218734546,0.457718822,0.048178393,0.292398072,0.329512176,0.40483791,0.429734177,0.58322485,0.022876475,0.507474652,0.191472835,0.724330556,0.290633222,0.234046891
CKAP2,0.008425018,0.22514698,0.743554601,0.090972266,0.58397347,3.79318118854005e-08,2.227848925,0.828670669,0.2047566,0.168078163,0.214939254,0.125645398,0.83507317,0.137515347,0.39473619
THOC3,0.008656474,0.226171835,0.61888404,0.65393904,0.253428623,0.240589669,0.754575097,0.20651597,0.653836003,0.004897374,0.81881957,0.091057187,0.863417623,0.160031769,0.369227328
RP11-318M2.2,0.009081988,0.227998712,-0.886671142,0.188746503,-0.430831789,0.49020315,-0.857059062,0.527991905,-0.466959297,5.66200187194445e-05,-0.746272031,0.000144964,-2.336762863,0.16084913,-0.482141808
CDC42SE2,0.009688351,0.230484525,0.439893994,0.059709862,0.326784437,0.496703685,0.344638749,0.759627334,0.206258706,0.00499774,0.522460304,0.000731493,0.996455328,0.061137034,0.242766441
LXN,0.009816688,0.230994254,1.366808751,0.148006865,1.176996892,0.800637352,0.760247396,0.000167863,3.800885961,0.203975789,0.262284793,0.058253053,1.762046266,0.174924601,0.4383912
TSPAN13,0.009930967,0.231443582,1.273645568,0.800506768,0.204502544,7.37124645870013e-06,1.966035886,9.62654335271281e-05,3.681248995,0.047018191,0.548926125,0.357057439,0.57325091,0.183975458,0.667908947
CDKN2D,0.010140876,0.232258025,0.577393123,0.052817905,0.520596482,0.07687729,0.819106428,0.701889752,0.193559166,0.001327006,0.632664882,0.530604722,0.435818569,0.030031472,0.862613214
HAS2,0.010371165,0.233135853,1.039715643,0.232087934,0.550466037,1.23194398112982e-05,1.581844878,0.94647626,0.150709003,5.60820898209882e-08,1.211967245,0.103525233,2.276256973,0.116713314,0.467049719
CCT4,0.010521612,0.233700782,0.356744907,0.117317002,0.198597739,0.289718156,0.378884941,0.718123994,0.185966232,0.003538482,0.476579764,0.188273827,0.60178894,0.085233232,0.298651825
C1RL,0.010699395,0.234359925,-0.659051704,0.516596311,-0.279153816,0.022040748,-0.995592811,0.509029759,-0.37433847,4.38780345084987e-06,-0.914189486,0.081018873,-1.005534309,0.277469473,-0.385501334
N4BP2L1,0.011839378,0.238386553,-0.67634053,0.172183234,-0.687845803,0.833669618,-0.568546665,0.0131633,-1.594033573,0.001166343,-0.365087172,0.404633835,-0.366715222,0.005502989,-0.475814747
DPF1,0.011977524,0.238852808,0.646838076,0.240337822,0.421928205,0.248427654,1.033400295,0.181100433,0.945054956,0.209747061,0.288511294,0.324887692,0.777191364,0.22861619,0.414942344
MAD2L1,0.012166009,0.239481967,0.897259911,0.076367517,0.764602237,3.31125946313987e-07,2.036207327,0.205043946,1.448083231,0.254727397,0.311726441,0.456116765,0.55031374,0.444635849,0.272626491
CRYAB,0.012494056,0.240558355,-0.913676495,0.386663607,-0.485374558,0.069718544,-1.070037847,0.380009734,-0.784400313,0.015390373,-0.907789907,0.028164731,-2.053094366,0.56340314,-0.181361977
C10orf11,0.012540958,0.240710371,-0.979687492,0.386663607,-0.71661187,0.935140132,-0.356491323,0.006847203,-2.029506825,0.004403028,-0.853119871,0.077820423,-1.487485708,0.033387836,-0.434909358
LSS,0.012807004,0.241564037,-0.575252134,0.005149154,-0.45992027,0.867081625,-0.101641319,0.510012319,-0.490771166,0.000352438,-0.855812297,0.035770912,-1.119807653,0.031017775,-0.4235601
SERPING1,0.013375841,0.243342127,-0.854617949,0.363761464,-0.481272884,0.064905755,-1.5115938,0.409574476,-0.756508575,0.019626324,-0.577167225,0.000453973,-1.577700885,0.601730768,-0.223464322
PRMT6,0.014449671,0.246538296,0.474227411,0.167569559,0.229391857,0.407537848,0.374822557,0.750016765,0.224010172,6.55052150246655e-07,0.696411115,0.0165896,1.022450256,0.137515347,0.29827851
PRDX3,0.014658666,0.247137907,0.517727266,0.292393713,0.177578295,0.52507488,0.340568239,0.320059656,0.819862822,5.57734629344443e-05,0.478347168,0.334142502,0.854179725,0.011100918,0.435827347
UBE2S,0.014743358,0.247378927,0.647725427,0.419064565,0.479384282,0.021819531,1.508916619,0.034045013,0.753967244,0.212792581,0.368077414,0.722652738,0.25693706,0.073899134,0.51906994
IL8,0.015401426,0.249214612,1.720954248,0.242158236,1.025571902,0.061987114,2.294144751,0.016387268,2.892779442,0.003412428,2.415594317,0.493049812,1.236698756,0.678292812,0.460936317
RAN,0.016652648,0.25253745,0.3930319,0.148959756,0.28990433,0.294766792,0.493777271,0.745518201,0.202378987,0.025818514,0.419456565,0.204417088,0.554414822,0.095744346,0.398259428
TCF7L2,0.01675603,0.252802923,-0.647050618,0.520699879,-0.226694201,0.176221148,-0.495952714,0.018295601,-1.473027589,0.1796087,-0.311068202,0.125338836,-1.054687088,0.496653372,-0.320873913
ATP2B1,0.018192496,0.256362195,0.56052559,0.438954813,0.226636031,0.154429552,0.687425942,0.526270008,0.452523458,0.007076036,0.781165184,0.017848573,1.068972021,0.393594186,0.146430902
CHDH,0.018220423,0.256429128,-1.248122814,0.036763661,-1.60476357,0.002751095,-2.761449173,0.218282463,-1.7056076,0.356625209,-0.294931306,0.337999437,-0.968606252,0.586152904,-0.153378985
ZIC4,0.018354044,0.256748249,-0.836796762,0.09763512,-0.894618687,0.495454679,-0.814096708,0.40524733,-0.722326936,0.08650995,-0.77623089,0.299633258,-0.946306193,0.156009158,-0.867201159
TMEM220,0.018744762,0.257670858,-0.586808241,0.012493733,-0.577253683,0.190678078,-0.694438213,0.690723927,-0.258614316,0.073952523,-0.502847653,0.104898729,-1.29910547,0.473278157,-0.188590109
RGS2,0.019169937,0.258657543,1.176184669,0.060359234,1.087375192,0.826168647,0.565868097,0.000320592,3.52252007,0.000335881,0.84686717,0.616743893,0.398868038,0.048017013,0.635609445
HSD3B7,0.020508913,0.261654934,-0.67793987,0.599167982,-0.194235089,0.426131359,-0.460691659,0.412941863,-0.529404454,0.006836129,-0.788569817,0.006303225,-1.776804026,0.118549048,-0.317934178
BAIAP2L2,0.020545658,0.261734968,-0.819408066,0.232087934,-0.592033899,0.796343703,-0.448632266,0.39229119,-0.946768678,0.000512312,-0.819620242,0.031656419,-1.520251049,0.117518249,-0.589142262
LYPLA1,0.020663721,0.261991348,0.525249503,0.025319577,0.310301701,0.67847199,0.237377962,0.682950256,0.230028027,3.84537873922432e-15,0.867818568,0.04114756,1.267267496,0.144058702,0.238703264
FBXL2,0.021048902,0.262819772,1.10962244,0.503520924,0.605442113,0.634962593,0.949570105,0.000308121,2.900952526,0.090016074,0.478226777,0.015738799,1.428854255,0.332372123,0.294688865
CNOT7,0.021158148,0.263052539,0.333347462,0.139453882,0.231698524,0.444903641,0.33887687,0.297852187,0.407521276,0.016119572,0.432797846,0.204703291,0.452040829,0.475282659,0.137149425
ECM1,0.021188162,0.26311632,-0.605569167,0.407782058,-0.308830002,0.349124801,-0.53422145,0.322857835,-0.821977987,0.000226702,-0.869060611,0.387847557,-0.562690886,0.110858968,-0.536634063
COPS3,0.021762481,0.2643232,0.365812948,0.043570612,0.277468967,0.616428303,0.309579673,0.609401682,0.200124278,0.003837012,0.563513444,0.237590792,0.481292144,0.075110801,0.362899184
RP11-423H2.1,0.022897157,0.266635254,0.694158967,0.269435496,0.608125884,0.002043884,1.505561429,0.190019035,0.685502488,0.195182118,0.467383165,0.142280687,0.778987927,0.800850305,0.119392909
SLC48A1,0.023154053,0.26714608,-0.539959942,0.351087719,-0.318727762,0.020436662,-0.961713154,0.442406002,-0.314161189,0.245067066,-0.244507384,0.017268591,-1.268655754,0.526610439,-0.13199441
TRPV3,0.023556833,0.26793804,-0.653347394,0.078494844,-0.607052431,0.652292852,-0.662878264,0.278483972,-0.793465019,0.002455113,-0.674675411,0.491417413,-0.759478464,0.104484045,-0.422534772
PTGES3,0.02398423,0.268766792,0.276528473,0.022066046,0.246728302,0.48386661,0.341584179,0.765878744,0.115305136,0.008456511,0.313757396,0.235438373,0.40286106,0.09689447,0.238934765
PIK3IP1,0.02459848,0.26993769,-0.544959238,0.103984152,-0.715172011,0.752282616,-0.474130775,0.588683681,-0.417526569,0.00050422,-0.604969195,0.047045305,-0.816034436,0.127126164,-0.24192244
UBASH3B,0.024806875,0.2703297,0.701385442,0.38257464,0.302143292,0.769895913,0.254596885,0.391944927,0.699585536,0.026749114,0.477518663,0.028146855,1.139885947,0.022666748,1.33458233
RP11-134G8.8,0.024815008,0.270344945,-0.607920307,0.090266117,-0.348325616,0.066661057,-0.735325219,0.706788452,-0.323655136,0.056700598,-0.434885169,0.01654559,-1.651632317,0.685107854,-0.153698384
ACAD10,0.025461039,0.271543624,-0.298292702,0.005149154,-0.387263649,0.103110743,-0.468707066,0.852844626,-0.107362241,0.109286646,-0.210287729,0.361222208,-0.43397111,0.197648366,-0.182164418
SLC25A17,0.02627297,0.273016649,0.307233172,0.052817905,0.23558321,0.87695463,0.112963096,0.427176582,0.310804198,0.001858276,0.349178562,0.22049178,0.57463667,0.05880072,0.260233295
SSTR1,0.026947346,0.274213174,1.405003945,0.696076461,0.207599388,0.947065699,0.116457535,0.001778295,2.149255673,2.89112714452731e-09,1.434412514,3.71292971324395e-09,3.232210789,0.000358582,1.290087775
KIAA0556,0.02768508,0.275495511,-0.308761825,0.040041785,-0.217078299,0.369542793,-0.348122214,0.566196335,-0.287298014,0.010428422,-0.344861155,0.460923284,-0.424110767,0.205840447,-0.231100504
TIPRL,0.027748018,0.275603667,0.44838276,0.26264217,0.150328911,0.502538868,0.26446464,0.777563606,0.198357517,0.000632254,0.719567186,0.095068703,0.891067602,0.015176401,0.466510703
RGS4,0.028093923,0.276194677,1.101078574,0.613984388,0.76738135,0.943131291,0.353573946,0.003126107,1.712149314,0.001386054,1.13599369,0.055340027,1.219440873,0.040200195,1.417932271
PLEKHB2,0.030452422,0.280079604,0.411072252,0.2772729,0.117857843,0.563125769,0.202415546,0.768819231,0.173572245,0.011482255,0.490133519,0.009031339,0.983569319,0.050746129,0.498885039
TFB2M,0.03081201,0.280651113,0.44096833,0.352608903,0.19710304,0.513636586,0.320357957,0.568182503,0.317540385,0.00230823,0.446882358,0.07892533,1.104738102,0.168245124,0.259188138
ZCCHC24,0.031509502,0.281745028,-0.535399856,0.00947563,-0.425198408,0.010597385,-0.68487295,0.443438144,-0.854313093,0.348374671,-0.353788533,0.531215829,-0.68170331,0.347368507,-0.212522839
NRXN2,0.032042148,0.282567799,0.672984353,0.076367517,1.056115096,0.538041054,0.830831151,0.910292167,0.276271372,0.001895788,0.585029482,0.091148655,0.864450111,0.077661612,0.42520891
RPS6KA6,0.032281757,0.28293446,0.888591871,0.525427535,0.407052433,0.306577015,1.055653724,0.378582685,0.899258198,0.011542941,0.437747808,0.117338164,2.171847923,0.358138418,0.359991138
CHSY3,0.032725197,0.283607499,0.870143801,0.566898742,0.352465253,0.1481423,1.285651166,0.84143091,0.290258059,0.045210319,0.507202608,0.024630815,1.858705765,0.075331904,0.926579953
POC1A,0.033572526,0.284874126,0.753285329,0.278010753,0.574667899,0.015647678,1.727585569,0.127074593,0.835765818,0.001946198,0.654391527,0.522217182,0.622194201,0.764348352,0.105106959
CYP27A1,0.033633226,0.284963909,-0.771238523,0.171089857,-0.667944368,0.289718156,-0.950025249,0.664182716,-0.355387461,0.012787138,-0.846195052,0.027885874,-1.684271742,0.544119712,-0.123607267
ABCD4,0.033726318,0.28510136,-0.414750655,0.08259863,-0.248011529,0.889383621,-0.115562036,0.466328881,-0.342530145,0.002394673,-0.724028627,0.238018631,-0.621431779,0.031883724,-0.436939812
FBN2,0.034569385,0.286332978,1.403693074,0.148802116,1.924158253,0.332744797,2.039042312,0.508669407,1.134385273,0.262013589,0.258223956,0.027783771,2.615399297,0.437984187,0.450949354
CDK8,0.035093967,0.287087657,0.475495908,0.561057888,0.142560314,0.702377135,0.256257353,0.443783061,0.360075567,1.19718152578059e-05,0.502656179,0.014390212,1.103591461,0.000905675,0.487834576
TCEB1,0.035390026,0.287509739,0.408641371,0.248440922,0.140691055,0.784916117,0.226646506,0.229923387,0.743077791,9.26261177941442e-06,0.670654823,0.307112304,0.380214663,0.154656443,0.290563385
PSPHP1,0.037558886,0.290521569,3.054531358,0.352282206,2.045356257,0.145538711,7.742576506,3.88883237992873e-13,3.685894326,0.354697083,2.002827306,0.313094717,1.569511069,0.577516699,1.281022687
PDK3,0.037851847,0.29091806,0.775709204,0.146380984,0.749278693,0.20900527,1.5184199,0.045673429,1.293449406,0.014762093,0.631420554,0.680436657,0.294456823,0.649249925,0.167229847
SERPINB1,0.037854917,0.290922202,-0.473117019,0.365475586,-0.184523849,0.624042195,-0.211076884,0.443783061,-0.288107997,0.004771746,-0.584716801,0.051553213,-1.321075962,0.255907412,-0.24920062
RAP1GAP2,0.038145881,0.29131364,1.45391227,0.703831297,0.43017444,0.945847249,0.171461046,5.90324220926312e-05,4.610912728,0.000909909,0.565131778,0.000125124,2.145125482,0.097109228,0.800668149
GEMIN8,0.038320798,0.291547856,-0.385406374,0.334447776,-0.288011855,0.408798154,-0.585777119,0.701889752,-0.18334472,0.005161834,-0.425517398,0.250972606,-0.480625023,0.048017013,-0.349162126
CSE1L,0.038497331,0.291783406,0.412099374,0.020155572,0.620626934,0.02858324,0.952453731,0.791002267,0.116452918,0.04389484,0.306453431,0.490270177,0.317191829,0.37679434,0.159417401
CGREF1,0.038712427,0.292069293,0.806909866,0.290816379,0.70545263,0.916648062,0.143282209,0.023265648,1.877928284,0.002592845,0.591411284,0.511051336,0.524883017,0.008041488,0.998501772
FKBP3,0.039908112,0.293636672,0.31735788,0.079623536,0.216156928,0.650200826,0.368634111,0.279561172,0.538945804,0.12662243,0.170815112,0.242310406,0.466536915,0.383501663,0.14305841
PSMD14,0.040706597,0.294663469,0.307887647,0.070939632,0.295130267,0.378413221,0.424013724,0.485662216,0.327689094,0.013503914,0.36009879,0.716759623,0.159617346,0.10270221,0.280776662
AGK,0.041816133,0.296065009,0.327602411,0.004051772,0.28935622,0.756613807,0.160122561,0.759599923,0.119590405,0.066806849,0.311656705,0.045962055,0.811261234,0.14335565,0.273627338
CUL2,0.042334011,0.296709487,0.416758451,0.446623569,0.223948029,0.546618528,0.345226524,0.669077056,0.162691265,0.004393884,0.451595039,0.011927239,0.973188484,0.101616645,0.343901367
ANXA4,0.042517466,0.296936348,-0.411857353,0.133459171,-0.23611561,0.317554904,-0.380667149,0.525988635,-0.204892464,0.000240911,-0.745148674,0.381049464,-0.677311453,0.423325003,-0.227008766
AOX1,0.043029856,0.297566045,-0.818239387,0.289741173,-0.599467117,0.080842063,-0.828387868,0.001172056,-2.247850289,0.120702839,-0.661699371,0.7856503,-0.288904909,0.507287838,-0.283126766
TTC7A,0.044317585,0.299123783,-0.477334868,0.776622657,-0.106111323,0.593053516,-0.300954953,0.116899484,-0.580738184,0.023679602,-0.621132146,0.270417201,-0.587560531,0.014070236,-0.667512072
TAF9,0.045275165,0.300260007,0.358327709,0.075144431,0.200572696,0.429298444,0.508549895,0.63763503,0.235491837,0.000240911,0.565685549,0.343335951,0.422682745,0.315905274,0.216983531
NRIP3,0.045874654,0.300962091,0.723419717,0.423511634,0.371892298,0.650200826,0.427601527,0.409755544,0.575791631,5.46773141385536e-05,0.896702082,0.028824445,1.39034813,0.29342542,0.678182637
BZW2,0.047703941,0.303062387,0.505301474,0.723382829,0.112232053,0.383613763,0.40432859,0.209242717,0.566338486,0.002808804,0.618579777,0.074495639,1.124399417,0.424830568,0.205930519
MRPL3,0.048056282,0.303459913,0.38655171,0.232457934,0.186858711,0.767835467,0.179897336,0.667071022,0.185562519,0.000253589,0.634098712,0.010543912,0.870623091,0.142597552,0.262269892
PSPH,0.048105629,0.303515412,0.429430802,0.315275243,0.222030297,0.730654109,0.239116555,0.065137563,0.960689822,0.012109856,0.395649012,0.195231207,0.622169459,0.502684497,0.13692967
PTGER3,0.048544708,0.304007354,1.605450235,0.771737548,0.308029847,0.142985177,1.427836792,0.511072336,0.940835741,2.11544022420333e-05,2.327418801,2.20216664517466e-05,3.944918,0.398205889,0.683662229
ZC3H15,0.048660627,0.30413667,0.442767917,0.388119381,0.215723512,0.747195633,0.272514049,0.62824593,0.218217224,0.000723225,0.551576139,0.002383172,1.063949425,0.058152677,0.334627154
FJX1,0.048938354,0.30444555,0.659995532,0.299666979,0.405945116,0.813332156,0.265268748,0.289632408,1.357865953,0.008521295,0.530502629,0.40747814,0.428339566,0.00804232,0.972051182
LPPR4,0.049054162,0.304573958,1.690602504,0.775143092,0.340710334,0.929990304,0.30062232,0.000489678,3.726636503,4.64682498521175e-08,1.598047951,9.29697818145917e-08,3.465978465,0.121820531,0.711619451
RASSF2,0.051425927,0.307154975,-0.869923175,0.353202727,-0.698273137,4.53545326115062e-14,-2.333688927,0.499331039,-0.882125427,0.075118473,-0.578622252,0.694322585,-0.359173029,0.220955022,-0.36765628
ELOVL6,0.051513908,0.307248983,0.449845688,0.093574925,0.564130572,0.015507547,1.025126015,0.796728654,0.157736821,0.145876828,0.283800715,0.26996368,0.508176554,0.521842263,0.160103454
FAR2,0.052143764,0.307918496,0.79876743,0.433651303,0.499319241,0.47472779,0.839073904,0.102161319,1.56562238,0.128656562,0.286694103,0.000638493,1.49791585,0.707675512,0.103979099
MYO1E,0.052636572,0.308438119,-0.679102274,0.761342143,-0.125127177,0.030736521,-0.731154436,0.044342962,-1.489033343,0.001352207,-1.039740174,0.813622482,-0.27360869,0.1992324,-0.415949821
HPRT1,0.053903406,0.309757378,0.442075638,0.410978452,0.196248151,0.20592341,0.640343873,0.576291627,0.326804498,0.133663064,0.333332143,0.256309897,0.718447855,0.275377819,0.437277306
ZNF395,0.054359189,0.310226354,-0.473221386,0.675248282,-0.201637769,0.087506656,-0.627124956,0.902747592,-0.140829132,0.001747746,-0.569540366,0.032619368,-0.939053289,0.161488479,-0.361142806
PHKG1,0.054922578,0.310802012,-1.055291342,0.467809646,-0.285478224,0.900230606,-0.372821738,0.003841089,-2.882467241,0.046567083,-0.76162368,0.081313363,-1.800377742,0.365050284,-0.228979425
MRPL42,0.058211629,0.314077681,0.346720502,0.198985557,0.283880502,0.738070768,0.24897998,0.423495745,0.414592409,0.001136862,0.376982564,0.070502835,0.626207802,0.452274318,0.129679755
ADAMTS6,0.062474499,0.318124972,0.527357324,0.033716544,0.348683128,0.241982714,0.660027353,0.598628967,0.478058067,0.001759807,0.536139218,0.406614817,1.012729374,0.626046981,0.128506805
NDUFAF5,0.062568636,0.318212015,0.32804484,0.226654266,0.211141626,0.540052136,0.328022506,0.474477318,0.41424333,0.019919203,0.333260732,0.529620121,0.393514648,0.118549048,0.288086198
PDE4D,0.064876817,0.320316753,0.483696222,0.001094411,1.186228432,0.509712978,0.480352848,0.830171342,0.237496183,0.167355529,0.214830435,0.234255303,0.480042813,0.179310955,0.303226619
MMD,0.068262274,0.323306663,1.066660089,0.680407146,0.179452936,0.722173343,0.355849898,0.537045482,0.479080304,2.44588093044887e-13,1.839535471,2.19964961355747e-09,2.672762884,0.000214005,0.87327904
VBP1,0.069060595,0.323995863,0.411752668,0.499943927,0.229531751,0.736923504,0.364343813,0.415505151,0.615092899,0.003227446,0.482366306,0.12338918,0.499501864,0.164985973,0.279679373
KLF15,0.069281645,0.324185671,-1.21157608,0.831422513,-0.259900984,0.356640821,-1.343748714,0.00116536,-2.627015488,0.301727064,-0.428597587,0.006873046,-2.260613954,0.447285223,-0.349579752
ARSK,0.06958081,0.324441852,0.482090536,0.24754187,0.467596997,0.33531878,0.516019466,0.560874327,0.380556142,0.532380847,0.107253839,0.253105506,0.907490935,0.017429784,0.513625834
HSF4,0.070344505,0.325092206,-0.843048062,0.565677927,-0.34352987,0.522272341,-0.594195577,0.816140678,-0.302757749,6.95377548338574e-06,-1.307719048,7.00869282739148e-05,-1.859927111,0.046385248,-0.65015902
PTS,0.07238911,0.326808471,0.373746362,0.199495396,0.182678557,0.777028502,0.147799262,0.191332584,0.94457418,0.051257009,0.342186211,0.249292535,0.465339151,0.492444798,0.159900809
C3orf14,0.072489785,0.326892065,0.422376629,0.187489236,0.309445494,0.684038468,0.387871993,0.637728987,0.454719493,0.065138269,0.381761833,0.218712308,0.613223111,0.168245124,0.387237853
PSMC6,0.072726824,0.327088557,0.304305709,0.324743862,0.181290426,0.675436335,0.335394266,0.634665769,0.196289378,0.020845633,0.356023178,0.076702506,0.587384184,0.230137238,0.169452823
LRRN3,0.074005336,0.328140452,0.897024414,0.446396305,1.440124397,0.820414268,0.925956685,0.501347721,0.955193909,0.004587904,0.552862542,0.154484037,0.856453595,0.041612477,0.651555354
PRX,0.075871227,0.329652298,-0.670027511,0.052654838,-0.37001685,0.372948897,-0.373165253,0.450031299,-0.544457172,0.343270247,-0.496139846,0.005339092,-2.021877517,0.753669416,-0.214508424
EDNRA,0.075977953,0.32973796,0.76048664,0.43883127,0.749347464,0.812716687,0.566370461,0.215236017,1.163686579,0.002317306,0.675821245,0.114116303,1.178988311,0.395210176,0.228705782
HMGA1,0.077008192,0.330560432,0.475171487,0.133006296,0.584351079,0.666056897,0.497634829,0.004158044,0.853791513,0.298287473,0.208770687,0.760645457,0.279684581,0.121208424,0.426796233
CDH6,0.077812287,0.331196885,1.147319546,0.01876031,2.613337476,0.853297365,0.637326741,0.499492144,1.448880534,2.8415842524649e-06,0.881674823,0.037035921,1.092302458,0.578592727,0.210395242
SFXN1,0.078000505,0.331345179,0.37595679,0.47657744,0.137725528,0.793431181,0.155904876,0.653235483,0.13923788,1.54838256322369e-07,0.659602581,0.023214338,0.780579396,0.041612477,0.382690478
BLM,0.078854363,0.332014714,0.805574365,0.01028147,1.04483508,2.37419054348738e-07,2.647033837,0.927562217,0.135188118,0.000837996,0.63952498,0.850590046,0.12381338,0.202816317,0.243050795
CCNB1,0.079600868,0.332595824,0.774627394,0.401750828,0.582656319,7.34969595093317e-05,2.309190437,0.765356128,0.301892823,0.003327467,0.557968937,0.689307316,0.366522749,0.13575971,0.529533099
VPS29,0.082037441,0.334465832,0.400024242,0.516823617,0.118402922,0.629408265,0.360428552,0.35944504,0.729914506,0.00026408,0.492374053,0.152704718,0.552158731,0.348149274,0.146866685
FARSB,0.082857512,0.335086291,0.318462501,0.014983336,0.33374752,0.410226332,0.385052673,0.35944504,0.455121892,0.086741607,0.313575638,0.905465078,0.106005495,0.233656355,0.31727179
GSKIP,0.083066983,0.335244073,0.444225718,0.497194214,0.234430304,0.751545061,0.299269863,0.118262755,0.725292265,0.005992586,0.618322787,0.15204839,0.644751208,0.486421435,0.143287878
PDS5B,0.083554015,0.335609834,0.387498697,0.4116425,0.247697639,0.27885945,0.469669427,0.684396385,0.174228132,0.206990651,0.233574465,0.003271663,1.083498645,0.428498355,0.116323875
CACNA1A,0.083760808,0.335764676,0.585898174,0.028266205,0.860842686,0.099261466,1.231127857,0.536894281,0.750222009,0.199050798,0.187317705,0.754254833,0.18100967,0.396860474,0.304869119
VDAC3,0.084706448,0.336469311,0.388016124,0.177353798,0.249890244,0.441485126,0.39888177,0.479450637,0.479000726,0.037213848,0.379344057,0.855574933,0.129937667,0.027737522,0.691042282
KIAA1683,0.086434001,0.337742292,-0.881485831,0.314774977,-0.541685933,0.685759594,-0.486159646,0.816404636,-0.295883461,1.67954174945241e-05,-1.477828165,0.209462955,-0.972367158,3.47927635915938e-05,-1.514990624
RP4-773N10.4,0.086945466,0.338115713,-0.421158115,0.51878596,-0.152813358,0.914070537,-0.107068501,0.253035702,-0.655847222,4.49327438621117e-06,-0.706035382,0.282446725,-0.678294162,0.060350858,-0.226890065
KCNS3,0.08957344,0.340010302,0.787561751,0.666195643,0.347952952,0.317183665,1.181804216,0.908053391,0.156677481,0.003372937,0.764860026,0.0002748,1.621639426,0.144981373,0.652436406
EML3,0.090676943,0.340794176,-0.560133525,0.564680873,-0.144315667,0.752282616,-0.232351138,0.461949832,-0.333545291,0.084115561,-0.672788392,0.005193548,-1.52214649,0.176542629,-0.455654175
CEBPD,0.092114157,0.341805111,-0.990558438,0.606748329,-0.2444476,0.000300887,-1.324658257,0.477147958,-0.820500994,0.602335238,-0.233978469,2.05007045335864e-07,-2.683282489,0.364298051,-0.63648282
KNSTRN,0.097199785,0.345296065,0.574853619,0.025340419,0.59907693,4.63655818348505e-06,1.79150526,0.629988045,0.344024457,0.430231488,0.148741681,0.382050703,0.453740508,0.6041611,0.112032877
RAP1GDS1,0.097463432,0.345473534,0.470227583,0.547743868,0.115015907,0.680480176,0.207929173,0.741516542,0.170009372,0.000101473,0.834072395,0.025604639,1.045614617,0.077394506,0.448724034
PLK1S1,0.097713537,0.345641579,-0.38983771,0.399868261,-0.359573006,0.766089512,-0.337510458,0.262199305,-0.59882804,0.001350984,-0.408066868,0.374151068,-0.449932491,0.270190345,-0.185115397
DENND2D,0.09774793,0.345664664,-0.648310479,0.787321568,-0.178211914,0.68616906,-0.400619948,0.269884229,-0.692437101,0.014709643,-0.880111746,0.281549116,-0.929381663,0.034354369,-0.809100501
DNAJB4,0.099526263,0.346850709,0.572777641,0.833640305,0.149355147,0.932796355,0.114717204,0.07669614,1.223793994,1.1991355254302e-06,0.563136307,0.145987147,1.043620518,0.09198311,0.342042677
DCUN1D5,0.099928974,0.347117251,0.429337957,0.478905229,0.129756071,0.730921338,0.190258785,0.637803597,0.274431736,5.81303360200183e-08,0.761856026,0.014143154,1.0145223,0.22093013,0.205202826
GUSB,0.10008252,0.347218682,-0.381168709,0.316481166,-0.152393282,0.783567314,-0.220225631,0.755010781,-0.154153912,0.037546269,-0.433358153,0.014723784,-1.026797257,0.175982779,-0.30008402
PTGS2,0.100512989,0.347502474,1.245277049,0.807632208,0.525119929,0.899191149,0.664472029,0.025671492,2.362900815,1.70360911784643e-07,1.666826444,0.073011761,1.170681202,0.279508061,1.081661873
RSL24D1,0.100835455,0.347714514,0.350653675,0.087200916,0.234728411,0.892275268,0.138523742,0.857342944,0.147527453,0.000348534,0.617289344,0.078880734,0.711162929,0.170238686,0.254690174
RASD1,0.101587801,0.348207407,-0.853034364,0.694838352,-0.319804961,0.967246453,-0.127255349,0.140537456,-1.605760887,0.059773313,-0.618817577,0.008877662,-1.848084371,0.217971208,-0.598483038
STK39,0.10316045,0.34922964,0.275880335,0.17086411,0.246718401,0.117653473,0.501200981,0.792542849,0.143898547,0.006145694,0.303667978,0.50792958,0.322665356,0.500242134,0.137130748
TOB1,0.103855658,0.34967811,-0.381679149,0.646345196,-0.155262916,0.034594535,-0.743913204,0.702016385,-0.1876571,0.014745305,-0.402840219,0.555788621,-0.575566876,0.144578619,-0.224834581
ZFP36L1,0.103960671,0.349745673,-0.490829368,0.024561253,-0.47581847,0.352613205,-0.457693057,0.206504658,-1.095570088,0.165427101,-0.391189197,0.592489449,-0.411257994,0.756878372,-0.113447403
RANBP6,0.105283161,0.350592548,0.3977475,0.596425538,0.225112375,0.832467344,0.166740715,0.567027255,0.249543806,0.003664516,0.550988857,0.022043733,0.779108993,0.081926901,0.414990255
ASIC1,0.107762606,0.352160848,0.428391523,0.054749689,0.579764279,0.912801532,0.176079461,0.356531367,0.869639375,0.199880425,0.211491805,0.541567201,0.287907004,0.047434872,0.445467214
SLC46A3,0.109905593,0.353496592,-0.389210342,0.892616711,-0.129471734,0.161417299,-0.999013057,0.260002971,-0.40938566,0.192879095,-0.215086032,0.57512449,-0.315132775,0.038938985,-0.267172794
SGK3,0.111042511,0.354198055,-0.499023941,0.505360654,-0.335243373,0.926548681,-0.157868444,0.205191125,-0.625628972,0.058958451,-0.486348,0.258318385,-0.996720909,0.170811036,-0.392333948
LPHN2,0.111500902,0.354479496,0.765267668,0.301902345,1.009484721,0.141994003,1.485579634,0.879537692,0.176268174,0.050795396,0.442681079,0.010265846,1.352519398,0.742381694,0.125073
SUMO1,0.114199417,0.356120624,0.370957636,0.580586719,0.153495971,0.914392543,0.141195695,0.273187043,0.575990429,8.14507349907755e-05,0.581575038,0.242861531,0.519259598,0.125614457,0.254229088
MRPS35,0.114542133,0.356327167,0.273776179,0.052783684,0.217770145,0.813850902,0.156186223,0.67700591,0.191930802,0.000458723,0.458314223,0.490213316,0.319570393,0.103650464,0.298885285
SLC9A8,0.115368521,0.356823492,-0.259118702,0.240689521,-0.169644746,0.792189877,-0.185482252,0.76932658,-0.152906944,0.002015409,-0.358367153,0.304779833,-0.369048395,0.031939729,-0.319262722
ZNHIT3,0.117552366,0.35812368,0.31239506,0.276794363,0.155209029,0.880718246,0.159837924,0.477340116,0.528091998,0.117567049,0.274779476,0.079236283,0.57614184,0.317086022,0.180310094
CCT8,0.119262186,0.359130372,0.34350428,0.336865051,0.245625589,0.763107584,0.249386691,0.233145056,0.426221947,0.007270304,0.487666591,0.771010423,0.169873782,0.043383816,0.482251079
PHYKPL,0.120176332,0.359664634,-0.364712159,0.177563873,-0.188186626,0.879811853,-0.112452199,0.688863326,-0.16304024,0.016418609,-0.630293814,0.281403934,-0.624458207,0.113926212,-0.46984187
PNMAL1,0.122768724,0.361165124,0.991703588,0.53735873,0.706477822,0.000293774,3.095774726,0.503973032,0.713744818,0.702810529,0.103104259,0.226435828,0.817036505,0.196118851,0.514083399
TMEM104,0.123193115,0.361408748,-0.368474125,0.013846966,-0.330457021,0.616270989,-0.36941023,0.56101989,-0.320801218,0.603990905,-0.144201157,0.056117457,-0.861461662,0.317206282,-0.184513462
IDNK,0.124243994,0.362009621,-0.48720507,0.626821625,-0.183847845,0.5871357,-0.575188727,0.88697107,-0.142357258,0.041984437,-0.366367782,0.007568388,-1.237738077,0.021576504,-0.41773073
PARD3B,0.127630864,0.363923557,-0.748074502,0.64622709,-0.375295514,0.002740626,-1.349651731,0.027061731,-1.623240431,0.561754017,-0.177998443,0.435141386,-0.8210035,0.510616489,-0.141257395
KIF15,0.128972742,0.364672583,0.799647754,0.014304036,0.933809784,1.45736462328804e-07,2.713518063,0.906897573,0.170217533,0.046640052,0.399737142,0.576845229,0.449911328,0.643348464,0.130692674
MFSD6,0.129660504,0.365054501,0.513238509,0.680676233,0.265013091,0.399455191,0.667601568,0.227536592,0.956977053,0.52476177,0.169951866,0.19933513,0.622351553,0.158562091,0.397535923
EFS,0.13309466,0.36694189,-0.580849588,0.093637717,-0.450355836,0.222533969,-0.717311909,0.726972435,-0.40670416,0.001847641,-1.158493652,0.590050363,-0.589643087,0.566609216,-0.162588882
SMARCD2,0.134089836,0.367482872,-0.5224815,0.563918674,-0.111199736,0.833669618,-0.152208466,0.417116116,-0.354536382,0.017865916,-0.603077945,0.001095853,-1.692553626,0.371231051,-0.221312846
RABIF,0.137063704,0.369084071,0.284420599,0.105352238,0.261443678,0.346255546,0.323317425,0.626520326,0.200680624,0.007463688,0.5082122,0.616034939,0.273186424,0.512877692,0.139683241
TOMM70A,0.138087383,0.369630025,0.304069999,0.241054368,0.16765061,0.873282609,0.125754966,0.613992845,0.175847474,0.036371313,0.466436337,0.316553145,0.527430332,0.136525868,0.361300272
ADAMTS3,0.138328694,0.369758341,0.718972112,0.702390174,0.358077994,0.529913631,1.272919759,0.682950903,0.482374712,0.008716041,0.690318831,0.072952878,0.922973839,0.221626417,0.587167534
MOB4,0.140011993,0.370649427,0.424946935,0.515129459,0.232207827,0.884762984,0.153577421,0.545987453,0.414357971,0.001191381,0.674971231,0.048209093,0.780592342,0.22861619,0.29397482
TGFB3,0.140415251,0.370861872,-0.696100741,0.470899683,-0.443146712,0.291603925,-1.003389654,0.567378342,-0.78514591,0.015237292,-0.662517384,0.083161298,-1.168042386,0.796890692,-0.114362398
CDC14B,0.143026362,0.372228058,-0.50569475,0.776991193,-0.152028457,0.324417152,-0.572853076,0.046580054,-1.363570465,0.029794493,-0.49717104,0.909368222,-0.13567743,0.146217234,-0.312868034
MLF1,0.146894477,0.374222888,0.364736376,0.680676233,0.126659677,0.441141283,0.385660655,0.467550303,0.322858091,1.35152811552816e-05,0.678423661,0.19877204,0.534727398,0.457183951,0.140088772
IER3IP1,0.148117048,0.374846409,0.295308336,0.422209328,0.122367254,0.658851236,0.28912343,0.40119576,0.39492974,0.001710406,0.476632059,0.497106283,0.279166423,0.268005442,0.209631109
ARAP1,0.148177406,0.374877107,-0.30702527,0.070939632,-0.293471922,0.133306025,-0.468568153,0.740349477,-0.201531595,0.243730713,-0.292159118,0.417692675,-0.457356193,0.643244123,-0.129064638
USP30,0.150843386,0.376225208,-0.240521845,0.301740277,-0.121771847,0.712206244,-0.215114839,0.443564055,-0.352514191,0.075784673,-0.186091765,0.493647351,-0.356869973,0.230408648,-0.210768454
PRKAA2,0.152701777,0.377156058,0.681035171,0.889387685,0.188015547,0.839855566,0.666632617,0.000804168,1.799400351,0.055808672,0.427274432,0.046994601,0.826500165,0.430085659,0.178387915
SLC25A45,0.152776297,0.377193235,-0.391562053,0.193507764,-0.356395184,0.332358645,-0.617345326,0.704019787,-0.237359537,0.335051365,-0.185267674,0.361532997,-0.599247252,0.336688854,-0.353757347
GEMIN2,0.156821331,0.379194428,0.314328254,0.345606381,0.219235422,0.641423258,0.34459209,0.671202637,0.392742536,0.031426346,0.25747061,0.313788842,0.51383954,0.271719107,0.158089326
KIAA1614,0.167975441,0.384551717,-0.423127989,0.178837497,-0.285814156,0.611258202,-0.328637772,0.544940676,-0.54384609,0.001554307,-0.731579138,0.424839503,-0.494107507,0.545880115,-0.154783271
RAD51AP1,0.172187384,0.386517824,0.859847745,0.087704068,0.749733501,3.6829406206185e-11,2.59987664,0.630726576,0.663391049,0.399828903,0.211099884,0.529691252,0.778207609,0.671156147,0.156777785
ERBB2,0.172960171,0.386875379,-0.595618665,0.190083142,-0.143450918,0.673650446,-0.236439486,0.677373356,-0.292629033,0.018301255,-0.763613507,1.40620269936989e-08,-2.015889575,0.761844058,-0.12168947
CISD2,0.174343762,0.387513138,0.304221625,0.113522899,0.206659812,0.849498088,0.131840852,0.59880563,0.353190433,0.001070764,0.595291749,0.584977612,0.254745776,0.177203836,0.28360113
LRRC48,0.180469185,0.390300713,-0.366647823,0.347289138,-0.352982678,0.327598564,-0.707005556,0.480287005,-0.46823532,0.012407653,-0.272292336,0.77132225,-0.230600874,0.402899668,-0.168770175
ATP6V1C1,0.181223726,0.390640161,0.373296244,0.34815012,0.290452363,0.823369805,0.159055321,0.690752609,0.204330358,0.075024724,0.455452077,0.233372513,0.630815992,0.173171196,0.499671352
KIAA1407,0.182306573,0.391125842,-0.420909761,0.275544041,-0.393030251,0.912801532,-0.194720842,0.499752303,-0.414528281,1.31159591176737e-05,-0.664609073,0.656650782,-0.344764796,0.001993281,-0.513805321
TRMT10C,0.183088149,0.391475335,0.377877763,0.200496298,0.353834027,0.833669618,0.212848553,0.595534182,0.298256187,0.000381343,0.671251705,0.506670925,0.422843895,0.212099643,0.308232214
XPC,0.183875474,0.391826507,-0.305262348,0.488789846,-0.154808489,0.464043276,-0.363498574,0.484512613,-0.415069011,4.38641144737704e-05,-0.477880111,0.815550996,-0.167399716,0.098018449,-0.252918189
TRIM4,0.184072859,0.391914408,-0.327376358,0.428574134,-0.231266139,0.100189957,-0.574902971,0.507140291,-0.35507199,0.011628397,-0.436629331,0.754590351,-0.248096892,0.549363321,-0.118290826
ACOT7,0.184307093,0.392018647,0.586851736,0.24754187,0.310643843,0.920195103,0.189244928,0.000918995,1.320877871,0.411030858,0.27067114,0.754972542,0.336067657,0.017452512,1.093604979
DCTPP1,0.186654926,0.393059191,0.381889057,0.176280757,0.370120861,0.945847249,0.110976412,0.49384002,0.439523455,0.003472557,0.542982758,0.682421937,0.353408293,0.056492629,0.474322563
PLD2,0.19247876,0.39560763,-0.461546446,0.415300145,-0.138133472,0.886535626,-0.134091181,0.269843555,-0.412742601,0.162624715,-0.459009343,0.02984454,-1.496629174,0.609497198,-0.128672906
UBE2V2,0.192551022,0.395638967,0.402901786,0.641335862,0.118403674,0.71320776,0.324690868,0.578072784,0.395971248,0.00546724,0.570669103,0.200863369,0.651955197,0.234886785,0.355720623
CREB3L1,0.193576254,0.396082836,0.524286605,0.786984202,0.106724913,0.795111035,0.182145297,0.673380267,0.26083064,0.032473699,0.679448552,0.08529593,0.922311127,0.003251881,0.994259099
LGALS9,0.195013666,0.396702873,-0.985674389,0.031448592,-2.006298113,0.806921029,-1.090210894,0.233237098,-1.484937693,0.729491163,-0.139881716,0.266786299,-0.817139893,0.312333058,-0.375578028
DLG3,0.195836545,0.397056642,0.491009771,0.185771185,0.381868052,0.900328257,0.112003285,0.746829307,0.237502403,0.002377306,0.75374497,0.156367051,1.085456167,0.390666744,0.375483747
MET,0.195958699,0.397109085,0.593412341,0.699698301,0.168627504,0.093821488,0.899168509,0.756437076,0.253277984,0.011476989,0.829646501,0.085178877,1.21537345,0.736041777,0.194380099
TUBG1,0.197574693,0.3978011,0.373847087,0.629765947,0.192497276,0.575916586,0.529894065,0.172726397,0.516673346,0.10195611,0.34688185,0.820241501,0.170338784,0.086200057,0.486797203
MRPL35,0.202006102,0.399682303,0.216120725,0.116521896,0.172194348,0.646014437,0.239640682,0.571890388,0.223691996,0.00306291,0.35035101,0.656401997,0.169144041,0.404202194,0.141702276
NIPA1,0.203398663,0.400268612,0.377798887,0.186302148,0.396475192,0.821069867,0.243683421,0.575833753,0.331202281,0.082223556,0.358708669,0.142291889,0.798430759,0.593890462,0.138293002
RP11-418J17.1,0.206097337,0.401398409,-0.298890631,0.238969738,-0.238124884,0.814796369,-0.282897202,0.337799831,-0.434733033,0.066209326,-0.32833311,0.870392048,-0.133438182,0.080223139,-0.375817372
C8orf58,0.208880471,0.402554885,-0.476030914,0.615521453,-0.21462291,0.832467344,-0.254008287,0.527991905,-0.335905432,0.070771065,-0.409278107,0.020118894,-1.406476762,0.348458651,-0.235893986
TUBA1B,0.209884053,0.402969788,0.627202816,0.680676233,0.207866744,0.2571765,0.892491179,0.684931591,0.250010054,0.513064611,0.174696664,0.000972094,1.876233036,0.280997697,0.361919223
CORO1A,0.210404116,0.403184358,0.799833262,0.695366725,0.293390748,0.160318661,1.705430835,0.281328113,1.763959178,0.109904345,0.420693747,0.776360411,0.227846975,0.395827895,0.38767809
COL16A1,0.211384657,0.403588114,-0.521251459,0.810630011,-0.112459449,0.708648522,-0.342157062,0.542347115,-0.409514337,0.045062745,-0.704220527,0.272086164,-0.810554417,0.042754125,-0.748602962
SEPT4,0.211762939,0.4037436,-0.757215013,0.342196071,-0.592861516,0.58781983,-1.099076045,0.653032615,-0.549817533,0.066806849,-0.714647252,0.116761177,-1.471598369,0.655845057,-0.115289364
CDKN2AIPNL,0.212216586,0.403929861,0.390343622,0.487606323,0.222546479,0.655709457,0.34708134,0.24423829,0.715679783,0.005238073,0.561186463,0.818748442,0.19491125,0.212038578,0.300656418
FAM63A,0.212873349,0.404199127,-0.387090503,0.294458253,-0.252665343,0.22741523,-0.577886457,0.764428451,-0.304203228,0.169734142,-0.505777704,0.670428615,-0.433520201,0.29873007,-0.248490085
MKKS,0.216235484,0.405570436,0.285405326,0.168183773,0.222809024,0.757698687,0.186099677,0.551198783,0.329131284,0.043977393,0.445713347,0.691850062,0.212538235,0.220513914,0.316140387
C9orf40,0.217065101,0.405907003,0.392804429,0.777349623,0.124170346,0.070572786,0.761442878,0.794276023,0.19712165,0.001088006,0.652294016,0.595327282,0.352921182,0.196828297,0.268876499
GRAMD1B,0.217799099,0.406204191,0.358848818,0.27794799,0.362374133,0.533547527,0.348646146,0.739385244,0.324320258,0.012096354,0.423827283,0.521063187,0.338470853,0.353184843,0.355454235
FBXL12,0.218715974,0.406574656,-0.260519229,0.354734902,-0.148424988,0.616270989,-0.198547649,0.769111088,-0.148889828,0.014883065,-0.34985851,0.434069632,-0.496396905,0.250378258,-0.220997491
F8,0.219543626,0.406908342,-0.604256064,0.019694321,-1.003087376,0.156311815,-1.608533626,0.328960623,-0.640487084,0.391359895,-0.162830463,0.859755394,-0.108319969,0.685368005,-0.102277867
NBR2,0.225498703,0.409289407,-0.515243243,0.603562677,-0.220125172,0.702065839,-0.305048648,0.756035913,-0.226909705,0.009025439,-0.647726062,0.015043503,-1.4954676,0.370003071,-0.196182272
AK8,0.22564151,0.409346088,-0.587345001,0.363101423,-0.483310203,0.368424515,-1.287989427,0.744746193,-0.259991224,0.08780874,-0.449993149,0.129111426,-0.936920386,0.762884228,-0.105865619
COL24A1,0.228911432,0.410638717,0.795034981,0.579734501,0.604497775,0.739244944,1.207653603,0.456718317,1.161913859,7.02095613407612e-05,0.87279585,0.59753605,0.380618149,0.090528281,0.542730648
PLK2,0.230411669,0.411228479,0.71904258,0.803580135,0.142604305,0.509830677,0.490004317,0.364540866,0.973951498,0.000446495,0.980347457,0.003205566,1.587063677,0.785767138,0.140284224
PSMA1,0.230667815,0.41132897,0.281314866,0.232624988,0.164867159,0.849629201,0.175157507,0.63763503,0.293847991,0.003271515,0.488503037,0.607297741,0.248336268,0.137515347,0.317177235
ING2,0.231206067,0.411539943,0.399638479,0.59029526,0.144751284,0.487284883,0.452521282,0.602586077,0.332659874,2.2610611743067e-06,0.574876272,0.198397297,0.791634295,0.59067388,0.10138787
ORC3,0.232121364,0.411898107,0.241703852,0.679038862,0.161078939,0.78002454,0.263536034,0.393754641,0.339599551,0.221135826,0.155449909,0.325482266,0.365973068,0.071952504,0.16458561
BTN3A3,0.238186346,0.414252859,-0.35980543,0.084463593,-0.56595409,0.564727638,-0.395550995,0.755010781,-0.281268564,0.030343919,-0.448851543,0.618240249,-0.326329811,0.432730971,-0.140877578
CARS2,0.24080318,0.415259194,-0.330847312,0.674908626,-0.10752941,0.875139729,-0.12405283,0.756925234,-0.192368218,0.006890045,-0.313859427,0.022780447,-1.015378025,0.154911085,-0.231895964
C1QBP,0.241302354,0.415450515,0.338822405,0.713957262,0.126103855,0.702065839,0.277860891,0.632109722,0.333111046,6.21501534899996e-05,0.552170534,0.426036025,0.477234985,0.018472091,0.266453118
CXCL14,0.241364128,0.415474177,1.062137474,0.928144969,0.156882148,0.973790952,0.186432358,2.67787802261672e-05,3.413075766,8.09694027738292e-12,1.398011423,0.311836409,0.581286843,0.279045952,0.637136305
STOM,0.245247827,0.416955609,-0.53399143,0.309141465,-0.338160615,0.862440754,-0.188503046,0.495495543,-0.426906065,0.541872666,-0.213400643,0.010433782,-1.666693149,0.282349446,-0.370285064
FNBP1,0.246699525,0.417506276,-0.427822823,0.782955226,-0.107549662,0.422080876,-0.294113162,0.442391765,-0.666036735,0.008999735,-0.616199344,0.329337366,-0.753108085,0.519272689,-0.129929951
MGAT5B,0.249790529,0.418673325,1.063523251,0.881367023,0.2420635,0.146495732,2.31474111,0.023503652,2.567566423,0.615343397,0.136577013,0.313260229,0.61564277,0.532069918,0.504548693
TLR4,0.254660518,0.420497415,-0.872828364,0.029135471,-1.545263153,0.824810874,-0.806871486,0.003841089,-2.050864488,0.002068073,-0.579439447,0.917344408,-0.126825354,0.745784576,-0.127706258
FAM117A,0.257970728,0.421727386,-0.464283692,0.459771597,-0.310797731,0.68616906,-0.574549437,0.857342944,-0.167927379,0.016300752,-0.507270353,0.052646638,-1.043446089,0.458133326,-0.181711162
POLE3,0.263962334,0.423934135,0.222695979,0.181559841,0.265460963,0.730654109,0.278387774,0.723183003,0.146862304,0.030335543,0.311154348,0.790746427,0.129067213,0.087125889,0.205243274
RP4-756G23.5,0.266481853,0.424854823,-0.669296265,0.245213583,-0.522129922,0.926412114,-0.266203815,0.630197729,-0.627918365,0.000397994,-1.226149141,0.713359913,-0.71922361,0.033547604,-0.654152735
EVC2,0.26702121,0.425051371,-0.59422323,0.490865865,-0.112237736,0.437343567,-0.485330556,0.208449419,-0.73052474,0.746877402,-0.144662557,0.0467728,-1.896868266,0.619999173,-0.195715523
CDK7,0.267099694,0.425079956,0.341236153,0.341041011,0.200339999,0.840100286,0.168915569,0.362523521,0.522869285,0.000462158,0.617735599,0.327403176,0.408575978,0.678949582,0.128980487
CDK5,0.267513334,0.425230541,0.457478672,0.683476957,0.118222506,0.940639845,0.113123739,0.181100433,0.737617847,0.015466277,0.660637675,0.692677953,0.347050961,0.038021782,0.768219304
EPS8L2,0.269586728,0.425983687,-0.561186201,0.599544879,-0.15373373,0.392410568,-0.37114057,0.824314946,-0.168886659,0.038043784,-0.712146351,0.022638366,-1.813092937,0.678949582,-0.148116961
ANXA5,0.270921893,0.426467219,-0.324838782,0.376137278,-0.187246937,0.356640821,-0.351584531,0.745518201,-0.205751853,0.518424858,-0.186761817,0.258533658,-0.842656961,0.303548498,-0.175030595
LTBR,0.271775636,0.426775811,-0.426427864,0.62173674,-0.124205253,0.786537695,-0.21239091,0.279881171,-0.40903481,0.599271596,-0.24398065,0.136560928,-1.085471455,0.136666737,-0.483484106
RGAG1,0.27430732,0.427688231,0.829658168,0.087274208,0.917427108,0.717371051,0.85208649,0.681211578,0.942298215,0.266644618,0.273437023,0.795841772,0.460600467,0.017786162,1.532099708
PTPRF,0.275218463,0.42801564,0.423505933,0.720935382,0.204974329,0.852718437,0.316140107,0.350077638,0.816856364,0.043001497,0.318317254,0.075364065,0.759265284,0.525996819,0.125482259
ZFP69B,0.276055557,0.428315993,0.393374029,0.47448623,0.217262033,0.727262794,0.428601315,0.890898104,0.139591606,0.142684485,0.239299838,0.250113106,0.964248324,0.08445124,0.371241058
CDC123,0.276206845,0.428370231,0.22035347,0.138319516,0.174903726,0.787268372,0.212498703,0.727118184,0.115511985,0.006230751,0.433878868,0.756078421,0.162224847,0.155206139,0.223102693
RAVER2,0.278062749,0.429034461,0.364060266,0.358502203,0.521878721,0.5357846,0.671286964,0.825550373,0.166435854,0.039720119,0.269113113,0.638628441,0.285473531,0.17602103,0.270173415
VWCE,0.279663324,0.429605662,-0.591639861,0.74851169,-0.256467662,0.572047441,-0.957259402,0.921012495,-0.159709499,0.038811018,-0.636087126,0.217241816,-0.871883477,0.080009509,-0.668432
PDLIM4,0.281364054,0.430210956,-0.863104768,0.472416298,-0.314599568,0.637267676,-0.418448937,0.73703575,-0.37684187,0.000633147,-1.166199139,4.36373010184806e-08,-2.711439214,0.733912824,-0.191099882
AC011747.7,0.283547452,0.430985584,-0.507164589,0.230627982,-0.388598849,0.926006245,-0.219012134,0.653193086,-0.503919344,0.167504259,-0.462988838,0.128042513,-1.208397422,0.480539417,-0.260070947
ADAMTSL4,0.285144869,0.431550597,-0.688340127,0.748230602,-0.347340571,0.886535626,-0.462010091,0.548247751,-0.592013441,0.015412385,-0.724255833,0.065996982,-1.472830545,0.324880238,-0.53159028
C2CD2L,0.291684903,0.433849122,0.351012346,0.485159532,0.120798682,0.849844802,0.1690224,0.651682845,0.347506897,0.318849552,0.228235613,0.093030956,0.926686999,0.204527046,0.313823485
KBTBD8,0.291737496,0.433867513,0.511489643,0.18690842,0.714458824,0.569401185,0.765526744,0.600777131,0.709605673,0.091334348,0.330880742,0.611738975,0.401348827,0.543045017,0.147117049
PML,0.293373415,0.43443882,-0.339724022,0.566808104,-0.172409033,0.4607645,-0.490772351,0.763359035,-0.144094231,0.241607307,-0.18683774,0.011546223,-0.882400935,0.562547754,-0.161829844
PGAM5,0.296139245,0.435401549,0.304148135,0.604860016,0.174683373,0.854290009,0.181442204,0.768819231,0.170044967,0.02030925,0.435531688,0.272315117,0.566084661,0.091815672,0.297101915
GALNT1,0.302411044,0.437570286,0.39416018,0.758078034,0.222260378,0.880303702,0.165824685,0.825550373,0.117847358,7.01904743410477e-12,0.911623581,0.035182959,0.726331009,0.126306647,0.221074066
GPR3,0.305825605,0.438742928,0.612759653,0.308815143,0.50436555,0.417760865,0.95030807,0.562276601,0.595051899,0.017790439,0.945503283,0.932220335,0.100654763,0.393594186,0.580674353
STX1A,0.308650273,0.439708827,0.59448883,0.840656569,0.115519945,0.675962234,0.400708175,0.626412199,0.558501504,0.000221087,0.917876229,0.335290393,0.834493079,0.15971048,0.739834046
PNRC2,0.318085612,0.44290912,0.364872841,0.415083171,0.271541443,0.752282616,0.415727957,0.705913432,0.250857538,2.59054527353891e-05,0.695623589,0.433580426,0.326686952,0.350569168,0.228799566
TMEM198B,0.318330624,0.442991706,-0.325171977,0.071718176,-0.403590715,0.403364045,-0.568412887,0.78093508,-0.135036004,0.223467854,-0.369615212,0.657862991,-0.334747004,0.520602091,-0.13963004
ITGB8,0.323517738,0.444734236,-0.554431583,0.642788181,-0.381118985,0.076317041,-1.133447241,0.400671194,-0.986249995,0.203328418,-0.318719361,0.797908895,-0.3129571,0.547391688,-0.194096817
MRS2,0.325930757,0.445541102,0.2059317,0.473525806,0.144334231,0.489556152,0.349480297,0.700425446,0.233247262,0.104533128,0.175420579,0.669333722,0.168289003,0.235872358,0.16481883
INPP5F,0.326630585,0.445774675,0.394505871,0.665863533,0.166344991,0.039960465,0.6212705,0.787425424,0.148175792,0.411023632,0.207958648,0.080964285,1.0372665,0.689410712,0.186018793
FBXO17,0.328561477,0.446418127,-0.303379688,0.186219719,-0.32883651,0.595275175,-0.327338398,0.533513307,-0.40295506,0.355935739,-0.165143337,0.255862075,-0.492848348,0.751702746,-0.103156475
CORO6,0.333437015,0.448036459,-0.563360969,0.587233689,-0.212681621,0.809679768,-0.344832812,0.582427442,-0.472259939,0.005753932,-0.771776385,0.017050909,-1.370610284,0.686073015,-0.208004773
SLC27A1,0.3456984,0.452068031,-0.595737456,0.849191623,-0.107061597,0.607600336,-0.458632456,0.192497331,-0.678438554,0.32260626,-0.336400346,9.75390518245594e-05,-1.891279523,0.740415097,-0.102612259
NAPG,0.348564863,0.453003068,0.326858741,0.572166616,0.141319179,0.781126018,0.184420182,0.708282801,0.171170682,0.176281884,0.294676114,0.013812201,0.968910335,0.466348888,0.200655956
PDCD10,0.349258537,0.453228938,0.357964229,0.686001789,0.100091331,0.930093245,0.106743464,0.211571868,0.865144497,0.025151238,0.285126792,0.314243827,0.690129334,0.552311663,0.100549956
MAP9,0.351841657,0.454068676,0.349150261,0.838658885,0.136026044,0.575892146,0.505370513,0.483538406,0.441485046,0.08322362,0.372844283,0.350237271,0.338931886,0.392861726,0.300243791
BSN,0.354726178,0.455003899,0.546186499,0.664080168,0.263075313,0.307432693,1.088100669,0.764428451,0.360166742,0.567346412,0.148902979,0.300771563,0.652873365,0.125964108,0.763999925
VASN,0.355335892,0.45520125,-0.582931854,0.617290262,-0.174016041,0.856766685,-0.209433448,0.868651037,-0.140883076,0.00449066,-0.711438414,0.004101544,-1.787383703,0.379907313,-0.474436441
ACSS3,0.35848932,0.45622014,-0.670541867,0.909712868,-0.13562949,0.961373329,-0.183973952,0.198181915,-1.208464671,0.099329,-0.519359746,0.083161298,-1.745764424,0.485562433,-0.230058919
TTLL3,0.358851625,0.456337012,-0.384184626,0.000652349,-0.524230967,0.884935103,-0.168163976,0.909017806,-0.105896343,0.002875444,-0.83189131,0.866149775,-0.15960325,0.074391594,-0.515321912
WDR81,0.363397464,0.457800124,-0.343453896,0.401750828,-0.225995153,0.796343703,-0.195601696,0.638200263,-0.355866121,0.084297338,-0.520173088,0.077634306,-0.656100804,0.748574306,-0.106986513
ZIC1,0.377725331,0.462374309,-0.66683924,0.184022338,-0.954568554,0.533547527,-0.924943353,0.941964207,-0.101153323,0.652872197,-0.226233416,0.209678641,-1.099681541,0.252160947,-0.694455254
EBNA1BP2,0.379376612,0.462898072,0.278749683,0.486381273,0.160753487,0.735024634,0.267472235,0.323423198,0.525567502,0.032232831,0.366411374,0.765219198,0.221725315,0.435107295,0.130568186
LRRC49,0.38316355,0.464096741,0.304644683,0.504531704,0.233375497,0.898974331,0.182555935,0.325577864,0.562729416,0.159877263,0.176286634,0.443473432,0.439461827,0.452145852,0.23345879
KANK1,0.388823971,0.465882187,-0.378146997,0.413635643,-0.272387134,0.674977706,-0.30642788,0.516511973,-0.598772547,0.359860939,-0.265154745,0.519261544,-0.617809463,0.31104532,-0.208330212
MTMR9LP,0.393055413,0.467212246,-0.473309445,0.272519586,-0.50299989,0.529831623,-0.674632993,0.603065977,-0.576965666,0.474724728,-0.276259302,0.458642552,-0.539065213,0.464489009,-0.269933605
ZNF487,0.39396927,0.467498993,-0.329411364,0.569604101,-0.158562147,0.909103263,-0.167846317,0.653235483,-0.227394122,1.28078858649217e-05,-0.445318255,0.115641092,-0.844011661,0.557397214,-0.133335684
CREBRF,0.405403483,0.471072592,-0.280149719,0.457535297,-0.33152822,0.716058551,-0.378052393,0.674323633,-0.329745519,0.02320552,-0.269096779,0.706965307,-0.238749462,0.248347241,-0.133725941
NPM3,0.408586502,0.472062988,0.5484601,0.733520951,0.157920162,0.914070537,0.143639596,0.328748865,0.927715276,3.26421475797249e-07,1.006794049,0.252615867,0.88752731,0.603421381,0.167164209
ADRB2,0.409225204,0.472261502,0.726423873,0.587957484,0.469311346,0.024414796,2.067127379,0.532873782,0.981198462,0.385229898,0.292645387,0.743060075,0.335421516,0.560032978,0.212839146
GDI2,0.410917084,0.47278701,0.168835914,0.273018264,0.143848054,0.877937243,0.112818614,0.603813006,0.196838593,0.02955665,0.270009085,0.678940232,0.149978441,0.373456666,0.1395227
VCPKMT,0.412149341,0.473169447,0.309992148,0.69414001,0.123481916,0.510016922,0.376483396,0.619099053,0.397550286,0.032926684,0.401800061,0.407477986,0.436823358,0.575356027,0.123813871
SNRPB2,0.414385593,0.473862826,0.277049954,0.380581733,0.151063706,0.656902422,0.329497623,0.623923249,0.353759414,2.93186304179795e-05,0.5314032,0.754353744,0.164696608,0.427386488,0.131879174
HNRNPCP2,0.418392335,0.475103131,0.275498916,0.367880933,0.23051459,0.964353733,0.108914321,0.380385845,0.57929625,0.212157963,0.197891077,0.41371471,0.388348793,0.512125602,0.148028462
RP11-1246C19.1,0.421075775,0.475932396,-0.388760171,0.721931897,-0.198829509,0.903911776,-0.183332629,0.290666059,-0.66017048,0.003991942,-0.6403172,0.390115637,-0.417104746,0.544977068,-0.232806463
MEX3A,0.428459803,0.478208827,0.526358341,0.069096417,0.915667907,0.579077482,0.800404463,0.754806807,0.412565877,0.634251189,0.142175921,0.676649514,0.451379289,0.155371552,0.435956589
AC009404.2,0.428730062,0.478292001,-0.386645425,0.446377731,-0.421976111,0.961477793,-0.139226816,0.441060044,-0.661883195,0.092141119,-0.402017096,0.899189125,-0.18281122,0.029506191,-0.511958111
SLC4A1AP,0.444834721,0.483231968,0.215649078,0.588885441,0.105084411,0.614572024,0.229054115,0.726173585,0.162186114,0.256336642,0.178273948,0.413830665,0.443327099,0.299593452,0.175968783
NT5E,0.445030008,0.483291691,0.340949408,0.291114955,0.239576349,0.721897706,0.342845075,0.727508556,0.452782963,0.052221616,0.524306925,0.839265063,0.196227856,0.267742252,0.289957281
MINPP1,0.446987708,0.483890184,0.277586172,0.521660502,0.142397344,0.927283119,0.118457513,0.336245236,0.427741052,0.108018366,0.303013502,0.498177501,0.488677902,0.511956377,0.185229718
SNED1,0.449467853,0.484647853,-0.527620753,0.863378683,-0.127577365,0.841727659,-0.362543604,0.228354822,-1.320908357,0.018311746,-0.631019924,0.911337651,-0.110161966,0.04477656,-0.613513303
AL161915.1,0.454843626,0.486288182,-0.461024624,0.5658284,-0.305864586,0.503026754,-0.931733417,0.850499127,-0.236086483,0.002728707,-0.522829655,0.283256722,-0.66144651,0.712389383,-0.108187093
RP11-600F24.7,0.45486154,0.486293644,-0.379365498,0.021125955,-0.637205794,0.690698492,-0.523538819,0.751533737,-0.289581197,0.161275171,-0.352098895,0.649405859,-0.32160356,0.643722653,-0.152164721
CHRDL1,0.456873932,0.486907054,0.920830135,0.901110904,0.282845787,0.942912597,0.520212963,0.004316771,3.164865962,0.00014439,0.721976751,0.426401398,0.720679536,0.646556262,0.11439981
BHLHE41,0.461769464,0.488397976,-0.350435953,0.330761742,-0.472465824,0.898359632,-0.290292898,0.911012731,-0.162838716,0.11492912,-0.33357811,0.542893883,-0.549664609,0.13243075,-0.293775563
TPTEP1,0.462756646,0.488698409,-0.817982895,0.894004518,-0.234865467,0.948021817,-0.428488538,0.328745842,-1.239426951,1.09246378598143e-06,-1.782756481,0.586646906,-0.702838411,0.174770279,-0.519521519
B4GALNT1,0.469012995,0.490600949,0.522586712,0.852974101,0.163739619,0.897190072,0.328260074,0.530653322,0.891773694,0.021176221,0.544478095,0.562643492,0.43545411,0.078968485,0.771814679
GATS,0.47457041,0.492289065,-0.260320878,0.645248196,-0.166375643,0.595123477,-0.384547383,0.769956846,-0.139242253,0.004883807,-0.338170181,0.351811039,-0.426631659,0.586711026,-0.106958149
DHX58,0.478975144,0.493626008,-0.418876628,0.666195643,-0.243364072,0.90225303,-0.188379211,0.850668727,-0.171995977,0.018402438,-0.633172161,0.00126194,-1.063114544,0.522974269,-0.213233801
PTPRE,0.486979869,0.496053836,0.445949571,0.776198966,0.360896712,0.702065839,0.771330049,0.880787226,0.200527854,0.012182569,0.257147672,0.110871532,0.978716861,0.494216882,0.107078282
PPP1R3B,0.50274834,0.500832837,-0.409811007,0.790668837,-0.176087344,0.844041044,-0.256456896,0.441141792,-0.81960319,0.203564204,-0.376805689,0.446791326,-0.571275594,0.278789817,-0.258637329
ZNF473,0.508439317,0.502557551,0.172653963,0.180290821,0.189707086,0.476166932,0.321489654,0.830171342,0.128090725,0.284626729,0.125343006,0.846369588,0.131811014,0.397719895,0.139482295
GVQW1,0.516219924,0.504916424,-0.346216777,0.463904294,-0.307686138,0.927573005,-0.24786746,0.775757028,-0.200205976,0.32781369,-0.230653447,0.420499983,-0.669520055,0.113950546,-0.421367583
ORC4,0.521504615,0.506519572,0.24025924,0.598794083,0.15419549,0.862802436,0.160363801,0.682950256,0.185306763,0.095111625,0.31023308,0.234513465,0.502939094,0.564945564,0.128517214
DHPS,0.523731217,0.50719534,0.184792494,0.403345918,0.205151975,0.863594925,0.165191485,0.540311672,0.25075438,0.300972324,0.15694132,0.754590351,0.158142196,0.180356848,0.17257361
ZNF417,0.525140351,0.507623118,-0.254535719,0.587914961,-0.165557297,0.932571312,-0.127731086,0.496089762,-0.586019176,0.057493056,-0.289042883,0.855655885,-0.137207925,0.116013732,-0.221655946
IFI35,0.529291032,0.508883712,-0.514392265,0.817172188,-0.101343275,0.728905711,-0.292136652,0.760360374,-0.249347829,0.073963674,-0.472587544,0.001744179,-1.855191535,0.671156147,-0.115746757
EFTUD2,0.543494844,0.51320533,0.20225023,0.493915803,0.189199764,0.879549646,0.177121385,0.791567079,0.153454701,0.037035056,0.279175567,0.7738327,0.187307517,0.103331699,0.227242443
CAPS2,0.546741432,0.514195208,-0.348456636,0.518284218,-0.340692117,0.814084508,-0.508509639,0.671519054,-0.387732908,0.000206335,-0.4217478,0.693126403,-0.285499714,0.387950731,-0.146557638
IFFO2,0.550798248,0.515433411,-0.352865084,0.596215201,-0.211448917,0.915154341,-0.140079718,0.356329854,-1.065424868,0.491725209,-0.115582013,0.379554572,-0.34546204,0.353621288,-0.23919295
RIPK2,0.553336812,0.516209,0.24482547,0.631695453,0.133337696,0.630444367,0.243243218,0.570542572,0.302377941,0.278831856,0.150537902,0.494532903,0.445740477,0.491206847,0.193715586
TP53INP2,0.554492969,0.516562442,-0.355713937,0.416547456,-0.290901509,0.005886371,-0.865865011,0.747115945,-0.305259666,0.749481049,-0.143571556,0.735713899,-0.303321436,0.44462993,-0.225364445
PLA2G16,0.565085654,0.519807353,-0.5652159,0.899010708,-0.164503373,0.944208946,-0.146047649,0.89493088,-0.13280154,0.000366263,-1.162542489,0.032178048,-1.561699761,0.348149274,-0.223700587
AKT2,0.566088296,0.520115171,-0.219445984,0.62750585,-0.115207483,0.702965786,-0.198483724,0.601125941,-0.230040508,0.232679905,-0.286635329,0.657968575,-0.238632911,0.298444965,-0.247675947
RP11-890B15.3,0.573547152,0.522409137,-0.276859966,0.632646349,-0.243427859,0.38325802,-0.620859277,0.835381858,-0.193073007,0.507951526,-0.156978059,0.746808216,-0.167726932,0.028408852,-0.279094659
PIK3CB,0.600969306,0.53091596,0.22138048,0.546590407,0.186619982,0.716000339,0.224183956,0.698368062,0.201727256,0.431001881,0.149614461,0.391577102,0.39557204,0.401957968,0.170565186
APOBEC3C,0.602116582,0.531274789,-0.310976491,0.259290323,-0.284950897,0.546618528,-0.415357374,0.782336492,-0.155183746,0.720460199,-0.158351269,0.582391148,-0.466683875,0.296552045,-0.385331783
TMEM140,0.610661995,0.53395603,-0.289412528,0.52037875,-0.189375434,0.64429922,-0.383724365,0.586771084,-0.414934628,0.038972274,-0.454352711,0.909761212,-0.105721753,0.503553639,-0.188366276
GABBR1,0.621590122,0.537408481,0.399875296,0.692233832,0.178331519,0.889610381,0.247321524,0.338843454,1.049956136,9.26298296204398e-06,0.505436339,0.797042397,0.147006143,0.50671156,0.271200114
MYO6,0.632317046,0.540825952,-0.268355772,0.686226121,-0.193233981,0.908057024,-0.106378256,0.481163713,-0.4682771,0.106233672,-0.368063568,0.84143014,-0.26082368,0.221845041,-0.21335805
GABRB3,0.634727763,0.541598194,0.571160384,0.909712868,0.264236016,0.977402083,0.211152842,0.824402191,0.430880345,0.008997962,0.748166666,0.010337365,1.472404153,0.518736697,0.300122283
SERPINB9,0.6378973,0.542615995,-0.428629041,0.931009,-0.131427157,0.701909015,-1.042789844,0.470782513,-0.626804221,0.272233909,-0.160437934,0.864030142,-0.153776772,0.015731392,-0.456538319
TIPARP,0.655532007,0.548334166,-0.403948775,0.667268913,-0.132721463,0.578064755,-0.268348647,0.622713849,-0.731694809,0.656433143,-0.116321084,0.289549397,-1.027692941,0.47597494,-0.146913707
TMEM254-AS1,0.686353095,0.558591507,-0.417085925,0.763761993,-0.20337142,0.872923618,-0.380887956,0.032719283,-1.201897897,0.530049899,-0.127475838,0.620328724,-0.452594078,0.531765525,-0.136288362
RP11-296I10.3,0.710370628,0.566870798,-0.289278178,0.683192075,-0.208587868,0.918174235,-0.156869976,0.501754775,-0.39458437,0.22186388,-0.375599453,0.934135739,-0.128962412,0.142104085,-0.471064986
EOGT,0.764093689,0.58662865,-0.272325047,0.596805701,-0.245681866,0.887330279,-0.218059108,0.890946998,-0.152141356,0.395673656,-0.171561088,0.748968358,-0.235315543,4.69106195858097e-05,-0.611191321
YOD1,0.767011267,0.587763172,0.233771309,0.756992057,0.15922771,0.917590762,0.160560046,0.32119811,0.472674983,0.370434728,0.187166301,0.587601662,0.30259908,0.57276171,0.120399737
ARHGAP23,0.811001683,0.605909866,-0.21988852,0.748230602,-0.128189132,0.602994632,-0.347011425,0.81042424,-0.172716755,0.388243895,-0.26440812,0.867749319,-0.123812721,0.21781651,-0.283192968
ZNF77,0.837602544,0.618098978,-0.250864259,0.421672318,-0.362657573,0.888934109,-0.281574554,0.769571877,-0.157706216,0.597363629,-0.118963855,0.686929947,-0.298027412,0.344121987,-0.286255944
AC097662.2,0.839649493,0.619085749,-0.324309439,0.561022327,-0.382491927,0.833669618,-0.623217521,0.525682383,-0.452380201,0.363682167,-0.147851888,0.83165405,-0.219326761,0.598803947,-0.120588338
NCS1,0.843022449,0.620728936,0.206742874,0.690428176,0.101454874,0.833669618,0.175856649,0.673032345,0.244073417,0.241496234,0.174647162,0.760713556,0.180469205,0.525033689,0.363955934