,CombinedP,AvgAdjP,AvgLogFC,Total_pF_padj,Total_pF_log2FC,PolyA_pF_padj,PolyA_pF_log2FC,Gage_pF_padj,Gage_pF_log2FC
MYEF2,1.6864E-12,7.2097E-05,2.0038,7.0591E-05,1.2290,1.4544E-04,2.1956,2.6277E-07,2.5868
KRT34,6.2965E-08,2.4097E-03,2.6591,2.4429E-03,1.8074,4.7815E-03,1.8381,4.6701E-06,4.3318
FGF13,1.2294E-07,3.0118E-03,-3.2623,6.6382E-08,-3.4890,4.8436E-06,-3.3436,9.0305E-03,-2.9543
C15orf59,5.3973E-07,4.9316E-03,-1.2014,8.6197E-04,-0.8118,2.9117E-03,-0.9892,1.1021E-02,-1.8034
AC109642.1,1.4498E-06,6.8554E-03,-2.8875,8.3230E-03,-1.8801,1.0265E-02,-2.8224,1.9778E-03,-3.9600
MT2A,3.0515E-06,8.7855E-03,1.8433,6.0704E-03,1.1109,1.9958E-02,1.4193,3.2854E-04,2.9997
SGCA,3.5194E-06,9.2134E-03,-3.0610,1.2097E-02,-2.2099,1.5510E-02,-3.5588,3.3299E-05,-3.4142
WISP2,5.3630E-06,1.0602E-02,-3.6335,2.1102E-02,-2.0995,1.0704E-02,-2.4395,1.3680E-09,-6.3614
CADPS,2.6929E-05,1.8155E-02,-3.9048,1.9307E-02,-3.0045,1.4489E-10,-5.7087,3.5158E-02,-3.0011
ASPA,3.7327E-05,2.0243E-02,-2.9411,1.3892E-02,-1.6735,4.6832E-02,-2.7063,3.3486E-06,-4.4433
CFD,5.4078E-05,2.2905E-02,-2.9391,1.1804E-02,-1.4611,5.6912E-02,-2.4297,8.4452E-07,-4.9265
HAND2-AS1,1.3121E-04,3.0779E-02,-2.2035,8.8840E-03,-1.5822,8.0611E-02,-2.0160,2.8405E-03,-3.0121
MT1E,1.3508E-04,3.1078E-02,1.2049,7.1569E-03,0.8285,3.5437E-02,0.9886,5.0641E-02,1.7975
JDP2,2.4708E-04,3.8008E-02,-0.6353,4.5664E-02,-0.3867,4.4677E-03,-0.6136,6.3893E-02,-0.9057
PAX3,2.4711E-04,3.8009E-02,2.2451,1.9307E-02,2.1581,7.4908E-02,2.2570,1.9813E-02,2.3201
E2F7,3.2500E-04,4.1644E-02,1.5612,2.4561E-02,0.8385,1.2946E-04,1.8230,1.0024E-01,2.0222
MFSD7,3.6360E-04,4.3232E-02,-0.9706,4.5874E-03,-0.7460,1.2385E-01,-0.6648,1.2551E-03,-1.5012
RP11-175K6.1,4.6818E-04,4.7033E-02,-1.6271,8.0219E-03,-1.1745,6.9719E-02,-0.9558,6.3358E-02,-2.7510
RCAN2,5.4965E-04,4.9616E-02,-1.4446,1.8788E-04,-1.3801,3.7023E-02,-1.3435,1.1164E-01,-1.6102
RTKN2,6.2681E-04,5.1837E-02,1.6769,3.7722E-04,1.6884,8.2563E-02,1.4707,7.2572E-02,1.8716
GREM2,6.4422E-04,5.2313E-02,-1.5493,7.0940E-02,-0.7003,8.4640E-02,-0.9091,1.3585E-03,-3.0385
HAND2,1.1568E-03,6.3585E-02,-2.2262,6.5833E-03,-1.6233,1.8213E-01,-2.0466,2.0410E-03,-3.0088
APOLD1,1.3187E-03,6.6422E-02,1.0518,5.7873E-02,0.5218,3.7933E-03,1.5337,1.3760E-01,1.0999
MXRA5,1.4170E-03,6.8033E-02,-1.4962,5.8617E-03,-1.4675,3.3980E-02,-1.5716,1.6426E-01,-1.4495
TMEM119,1.4884E-03,6.9157E-02,-1.2169,8.5426E-04,-0.9999,1.2637E-02,-1.4036,1.9398E-01,-1.2471
NFIX,1.5093E-03,6.9479E-02,-0.6448,1.2556E-01,-0.3155,1.1419E-02,-0.4884,7.1456E-02,-1.1305
MST1R,1.5484E-03,7.0074E-02,-2.1052,4.2652E-02,-1.7401,1.0657E-01,-2.3127,6.0996E-02,-2.2628
GYPE,1.6911E-03,7.2164E-02,-0.9215,1.3161E-02,-0.7337,2.0077E-01,-0.8746,2.5584E-03,-1.1561
PDE1A,1.8374E-03,7.4187E-02,-1.5325,1.2261E-01,-1.3476,7.6636E-02,-1.5085,2.3314E-02,-1.7415
C1QTNF2,1.9089E-03,7.5137E-02,1.3016,1.5706E-01,0.6809,1.9117E-02,1.3425,4.9237E-02,1.8815
ZNF521,2.0123E-03,7.6470E-02,-1.3307,8.4101E-02,-1.0177,4.6902E-02,-1.8798,9.8407E-02,-1.0947
BRINP1,2.3828E-03,8.0901E-02,-1.8572,6.8887E-02,-1.4601,3.2175E-03,-2.4390,1.7060E-01,-1.6723
FAM107B,2.6394E-03,8.3707E-02,1.0866,7.0959E-03,1.1066,9.0596E-03,1.1216,2.3497E-01,1.0315
ITGB3BP,2.8240E-03,8.5615E-02,1.0014,3.3176E-02,0.4879,1.2062E-01,0.9679,1.0304E-01,1.5482
ESM1,3.0744E-03,8.8074E-02,2.0544,2.1102E-02,1.7004,2.3991E-01,1.4489,3.2089E-03,3.0140
RP11-445H22.3,3.2515E-03,8.9734E-02,-2.3301,1.3301E-01,-1.3503,1.7934E-02,-3.6024,1.1826E-01,-2.0375
MND1,3.3756E-03,9.0861E-02,1.3094,7.6898E-02,0.7558,4.1069E-03,1.9998,1.9158E-01,1.1727
PARK2,3.6806E-03,9.3519E-02,-1.4131,4.1045E-03,-1.5580,1.5362E-01,-1.4389,1.2284E-01,-1.2426
ZBTB47,4.0355E-03,9.6433E-02,-0.5549,8.3862E-02,-0.3228,5.1360E-05,-0.8787,2.0539E-01,-0.4632
LRRC2,4.2496E-03,9.8110E-02,-1.6078,1.9065E-01,-0.6860,1.0196E-01,-1.0388,1.7131E-03,-3.0985
IRX5,4.2667E-03,9.8241E-02,-0.8573,3.6872E-03,-0.7052,2.5588E-01,-0.4528,3.5158E-02,-1.4138
CD9,4.3748E-03,9.9064E-02,1.6303,2.3250E-02,1.4475,2.3563E-01,1.1067,3.8314E-02,2.3367
CDCA4,4.6691E-03,1.0124E-01,0.6748,4.7267E-02,0.5844,5.1382E-02,0.9480,2.0506E-01,0.4920
PCNA,4.9542E-03,1.0326E-01,0.7935,9.1683E-02,0.4390,1.0890E-02,0.8745,2.0720E-01,1.0672
C16orf74,5.1183E-03,1.0439E-01,1.2748,1.8213E-01,0.8117,1.4203E-03,1.8441,1.2961E-01,1.1687
VDR,5.3536E-03,1.0596E-01,-0.8220,7.0072E-02,-0.6119,4.1017E-02,-1.0053,2.0679E-01,-0.8488
SVIP,5.9750E-03,1.0991E-01,1.2268,2.1331E-01,0.7907,3.8796E-02,1.3159,7.7628E-02,1.5739
MYPN,5.9925E-03,1.1002E-01,2.2710,2.4687E-01,0.7798,8.3152E-02,1.3517,3.4519E-05,4.6813
EFCAB13,6.2456E-03,1.1155E-01,1.1227,1.1246E-02,0.8600,1.8159E-01,1.3591,1.4180E-01,1.1490
PSRC1,6.2998E-03,1.1187E-01,1.1781,2.0584E-01,0.5732,7.0919E-05,1.9223,1.2969E-01,1.0388
MTFR2,6.5819E-03,1.1351E-01,1.5396,3.3717E-02,0.9256,7.0919E-05,2.7667,3.0675E-01,0.9265
HIST1H2AG,6.5853E-03,1.1353E-01,1.1232,1.2662E-01,0.9142,1.3848E-01,0.7690,7.5490E-02,1.6863
DONSON,8.4226E-03,1.2324E-01,0.8644,1.9624E-02,0.6318,4.4129E-05,1.4220,3.5005E-01,0.5394
ZMYND8,8.6577E-03,1.2437E-01,0.4904,2.3318E-02,0.2848,2.8872E-02,0.6675,3.2093E-01,0.5188
LY6K,9.2515E-03,1.2715E-01,2.7052,3.7724E-01,1.2774,4.1450E-03,3.0350,7.7216E-05,3.8031
TOR4A,9.3081E-03,1.2741E-01,1.3756,5.9984E-02,1.0986,3.1306E-01,1.3036,9.1972E-03,1.7244
LSAMP,9.4005E-03,1.2783E-01,-1.6474,4.9558E-02,-1.3130,1.0520E-02,-1.9127,3.2342E-01,-1.7166
NDC80,1.0710E-02,1.3352E-01,1.6123,1.1239E-02,1.1389,2.2569E-08,2.7620,3.8931E-01,0.9359
ARHGEF39,1.1146E-02,1.3530E-01,1.0685,6.2720E-02,0.4973,3.4638E-02,1.6323,3.0854E-01,1.0758
LINC00607,1.1172E-02,1.3541E-01,-1.3062,9.9372E-02,-1.0156,4.3950E-02,-1.3929,2.6290E-01,-1.5102
PTGIS,1.1244E-02,1.3570E-01,-1.8984,1.6113E-01,-1.2105,1.4967E-03,-1.9163,2.4446E-01,-2.5684
IL20RB,1.1657E-02,1.3734E-01,-1.8334,3.9843E-01,-0.6862,1.3578E-02,-1.6828,6.3964E-15,-3.1312
AKR1C3,1.2054E-02,1.3888E-01,-1.4467,1.8507E-01,-0.7861,2.3052E-01,-1.2133,1.0511E-03,-2.3409
LBH,1.2168E-02,1.3932E-01,-1.2633,4.0111E-02,-0.7735,1.0789E-06,-1.5636,3.7784E-01,-1.4527
TYMS,1.2508E-02,1.4060E-01,1.2885,1.0295E-01,0.7749,4.9424E-05,2.0840,3.1881E-01,1.0067
CENPK,1.2948E-02,1.4223E-01,1.4374,1.0545E-01,0.7915,4.5346E-05,2.4254,3.2120E-01,1.0951
PCDHGA9,1.4084E-02,1.4627E-01,-1.1780,1.0313E-01,-0.7526,7.2166E-02,-1.5263,2.6353E-01,-1.2551
MLF1IP,1.5196E-02,1.5003E-01,1.5234,3.1499E-02,0.9850,3.1001E-09,2.6695,4.1859E-01,0.9157
CMTM7,1.5910E-02,1.5234E-01,0.6427,3.0629E-02,0.5100,2.7446E-01,0.5365,1.5193E-01,0.8816
SYTL4,1.6080E-02,1.5288E-01,0.7257,3.3717E-02,0.5037,6.2408E-02,0.8425,3.6252E-01,0.8311
EXOSC8,1.6280E-02,1.5351E-01,0.7312,9.3396E-04,0.6042,1.0185E-02,1.0792,4.4943E-01,0.5102
RFTN1,1.7203E-02,1.5636E-01,-0.6644,1.6343E-02,-0.5266,1.3614E-02,-0.6038,4.3913E-01,-0.8629
GPR153,1.7580E-02,1.5750E-01,-0.8022,7.6368E-02,-0.6355,6.7720E-02,-1.1436,3.2840E-01,-0.6274
ADRA2A,1.8267E-02,1.5952E-01,-2.0331,1.9008E-01,-0.8396,1.2582E-13,-1.9376,2.8848E-01,-3.3223
SPC25,1.8378E-02,1.5984E-01,1.7948,9.4068E-02,0.9983,1.0739E-04,3.0800,3.8536E-01,1.3062
DNA2,1.8556E-02,1.6036E-01,0.9928,1.0944E-03,0.8207,1.4404E-06,1.6789,4.7998E-01,0.4788
PLAC9,1.8926E-02,1.6142E-01,-0.9486,2.1789E-02,-0.7683,1.6425E-02,-1.3329,4.4604E-01,-0.7446
RIN2,1.9412E-02,1.6279E-01,-0.6230,2.7858E-02,-0.3730,4.5018E-01,-0.4781,1.0318E-02,-1.0180
TRIM8,2.1119E-02,1.6742E-01,-0.3260,5.4798E-02,-0.2526,2.7152E-01,-0.3260,1.7595E-01,-0.3994
MGME1,2.1369E-02,1.6808E-01,0.5691,5.0859E-02,0.3876,1.1487E-03,1.0523,4.5224E-01,0.2673
PEX26,2.1912E-02,1.6950E-01,-0.3741,4.1698E-02,-0.1929,2.5504E-01,-0.3436,2.1175E-01,-0.5857
RHPN2,2.3206E-02,1.7277E-01,1.2877,2.9860E-02,1.2651,4.8021E-01,1.2313,8.2329E-03,1.3668
RPS6KA1,2.3226E-02,1.7282E-01,1.5944,4.5230E-02,0.8275,4.7010E-01,1.0050,3.1209E-03,2.9505
CCDC14,2.3709E-02,1.7401E-01,0.5958,1.2422E-01,0.3845,1.0038E-01,0.6818,2.9743E-01,0.7212
RAD54L,2.4376E-02,1.7562E-01,1.2400,2.1863E-01,0.6232,2.8814E-04,2.2038,3.0795E-01,0.8930
C16orf59,2.4878E-02,1.7682E-01,1.2669,2.7044E-01,0.6303,3.3166E-03,2.0355,2.5671E-01,1.1350
CKLF,2.5596E-02,1.7851E-01,0.7623,1.5126E-01,0.2888,2.8624E-01,0.6218,9.8018E-02,1.3765
ACOX2,2.5814E-02,1.7901E-01,-0.6340,1.8801E-02,-0.3985,3.1706E-01,-0.5407,2.0117E-01,-0.9629
HMMR,2.6476E-02,1.8053E-01,1.5666,4.6092E-02,0.9471,1.0509E-06,2.7596,4.9550E-01,0.9932
KRBOX1,2.6629E-02,1.8088E-01,1.6246,6.3815E-02,1.3663,3.0257E-01,2.1270,1.7624E-01,1.3805
AFF2,2.6808E-02,1.8128E-01,-2.1127,8.8884E-03,-1.2819,4.3665E-01,-1.3560,9.8297E-02,-3.7002
HJURP,2.6964E-02,1.8163E-01,1.4322,5.2818E-02,0.9086,4.1822E-07,2.5644,4.9208E-01,0.8236
POC1B,2.7201E-02,1.8216E-01,0.5233,2.9653E-01,0.2203,1.6680E-01,0.6160,8.3146E-02,0.7336
GMNN,2.7569E-02,1.8298E-01,0.9244,2.1397E-03,0.7988,9.7443E-05,1.5235,5.4670E-01,0.4508
PSG5,2.7824E-02,1.8354E-01,-0.9924,1.8953E-02,-1.1892,7.4958E-02,-1.1508,4.5672E-01,-0.6371
RAD51B,2.7862E-02,1.8362E-01,0.5565,6.8027E-03,0.4567,5.5161E-02,0.8417,4.8891E-01,0.3711
REEP4,2.8004E-02,1.8394E-01,0.6275,4.3569E-01,0.2815,4.6051E-03,0.9638,1.1151E-01,0.6372
HDAC5,2.8094E-02,1.8413E-01,-0.5363,1.9547E-02,-0.4770,1.8649E-01,-0.6038,3.4637E-01,-0.5282
PTTG1,2.8378E-02,1.8475E-01,1.3714,3.3860E-01,0.6642,1.9838E-04,2.2284,2.1546E-01,1.2217
TDP1,2.8439E-02,1.8488E-01,0.4746,1.2372E-01,0.3919,2.2742E-01,0.5727,2.0352E-01,0.4591
PBK,2.8836E-02,1.8574E-01,1.6024,5.3122E-02,0.9143,1.7388E-07,2.7578,5.0410E-01,1.1350
ACP5,2.9797E-02,1.8778E-01,2.2334,4.6401E-01,0.5587,9.9092E-02,1.8999,2.4701E-04,4.2416
ADCY9,3.0487E-02,1.8922E-01,-0.5906,8.5861E-03,-0.5931,1.0086E-02,-0.7317,5.4899E-01,-0.4470
EXO1,3.2717E-02,1.9373E-01,1.2063,1.0850E-02,1.0555,2.9490E-03,1.9514,5.6738E-01,0.6121
POLA2,3.3472E-02,1.9521E-01,0.6898,1.2686E-01,0.5307,8.0593E-02,1.1380,3.7817E-01,0.4008
ACE,3.3671E-02,1.9559E-01,-0.8577,3.6926E-02,-0.7615,4.3591E-01,-0.6058,1.1394E-01,-1.2059
BUB3,3.4068E-02,1.9636E-01,0.5212,1.9819E-03,0.4991,7.0919E-05,0.8750,5.8702E-01,0.1896
AURKB,3.4463E-02,1.9711E-01,1.3440,2.3078E-01,0.7464,1.9233E-03,2.3390,3.5863E-01,0.9466
ATP8B2,3.4663E-02,1.9749E-01,-0.5296,2.4803E-02,-0.2798,2.3383E-01,-0.4158,3.3385E-01,-0.8933
KIAA0101,3.5870E-02,1.9976E-01,1.4889,1.1949E-01,0.8643,2.4811E-04,2.6005,4.7954E-01,1.0018
C5orf34,3.6127E-02,2.0023E-01,0.8874,6.0704E-03,0.6741,2.1058E-02,1.5748,5.7358E-01,0.4133
PASK,3.6387E-02,2.0071E-01,1.1741,9.3198E-02,0.5992,1.3062E-05,2.4378,5.0893E-01,0.4853
MC4R,3.6948E-02,2.0174E-01,-1.8678,8.2263E-02,-1.7772,4.7578E-01,-1.1840,4.7177E-02,-2.6423
TMEM106C,3.7410E-02,2.0258E-01,0.6233,1.5614E-01,0.3672,2.4832E-01,0.7273,2.0328E-01,0.7755
EPOR,3.7453E-02,2.0266E-01,0.9313,4.1301E-01,0.3793,3.4880E-02,1.2938,1.6008E-01,1.1208
LAMA4,3.7531E-02,2.0280E-01,-0.9898,6.2397E-03,-0.9682,1.2843E-01,-1.1491,4.7371E-01,-0.8521
FAM111B,3.8147E-02,2.0390E-01,1.5680,1.2822E-02,1.2206,1.4980E-07,2.5843,5.9888E-01,0.8992
RP11-290F20.3,3.9072E-02,2.0553E-01,-1.6408,9.6437E-02,-1.2644,5.0913E-01,-1.2065,1.1029E-02,-2.4515
SSR3,3.9386E-02,2.0608E-01,0.4519,1.8544E-01,0.1896,3.0743E-01,0.3181,1.2538E-01,0.8478
XPNPEP2,4.0014E-02,2.0717E-01,-1.9304,4.6118E-01,-0.7005,5.2770E-02,-2.5947,1.0757E-01,-2.4959
MTHFD2L,4.1826E-02,2.1025E-01,0.6866,7.6368E-02,0.3590,4.1712E-01,0.5596,1.3728E-01,1.1411
IRS2,4.3304E-02,2.1270E-01,-0.7160,9.0119E-02,-0.6398,4.8387E-01,-0.6238,6.4120E-02,-0.8842
SEMA3D,4.3728E-02,2.1339E-01,-1.2348,6.9644E-02,-1.2639,1.0804E-01,-1.4521,4.6249E-01,-0.9885
CCNE2,4.4903E-02,2.1529E-01,1.4624,1.3594E-02,1.2422,6.2546E-07,2.5680,6.3227E-01,0.5770
KIAA1324L,4.5046E-02,2.1552E-01,-2.8446,2.7268E-01,-0.9598,3.7387E-01,-1.7985,8.6744E-24,-5.7755
C21orf58,4.5305E-02,2.1593E-01,0.8530,2.9239E-01,0.4326,1.2391E-07,1.5597,3.5539E-01,0.5668
MT1F,4.6332E-02,2.1755E-01,1.7472,7.2606E-02,1.1697,5.5756E-01,1.4399,2.2482E-02,2.6321
PLEKHO2,4.7566E-02,2.1946E-01,-0.5706,9.0119E-02,-0.4070,2.5801E-01,-0.6390,3.1027E-01,-0.6658
THAP10,4.7645E-02,2.1958E-01,0.6854,2.8191E-01,0.3494,8.4278E-02,1.1474,2.9256E-01,0.5594
ESCO2,4.7729E-02,2.1971E-01,1.4913,2.4561E-02,1.1187,3.6867E-09,2.5993,6.3458E-01,0.7560
CKAP2L,4.7850E-02,2.1990E-01,1.4785,3.4848E-02,0.9247,1.1706E-06,2.7917,6.2485E-01,0.7190
TTK,4.7947E-02,2.2005E-01,1.4717,3.3623E-02,1.0235,9.0754E-07,2.7145,6.2652E-01,0.6773
THRA,4.8045E-02,2.2020E-01,-0.3925,1.7726E-01,-0.2344,1.4057E-01,-0.4920,3.4277E-01,-0.4510
PIEZO2,4.8965E-02,2.2159E-01,2.0048,3.3429E-01,1.2725,1.8774E-01,2.6065,1.4275E-01,2.1354
SKA3,4.9009E-02,2.2166E-01,1.3380,6.2720E-02,0.7935,7.2146E-05,2.4557,6.0219E-01,0.7647
HOXA1,4.9149E-02,2.2187E-01,-1.0026,2.9066E-01,-0.5865,1.8649E-01,-1.2882,1.8846E-01,-1.1331
XRCC2,4.9211E-02,2.2196E-01,1.2395,5.2296E-02,0.7391,3.8838E-06,2.3313,6.1359E-01,0.6482
THRB,4.9410E-02,2.2226E-01,-1.2945,5.9467E-02,-1.0926,5.8320E-01,-0.9659,2.4119E-02,-1.8250
FGF9,4.9610E-02,2.2256E-01,-2.7881,2.0638E-01,-1.5163,4.6131E-01,-1.8654,8.1166E-13,-4.9827
IQCE,4.9913E-02,2.2302E-01,-0.3761,1.5557E-01,-0.2670,1.7686E-01,-0.3444,3.3662E-01,-0.5168
CEP70,4.9939E-02,2.2305E-01,0.6037,1.2943E-01,0.3429,3.2145E-01,0.6556,2.1828E-01,0.8125
HMGN1,4.9981E-02,2.2312E-01,0.4439,1.3039E-01,0.2107,3.0925E-01,0.5029,2.2971E-01,0.6182
SLC41A3,5.1742E-02,2.2571E-01,-0.4006,1.5981E-01,-0.2419,3.2380E-02,-0.6564,4.8493E-01,-0.3034
OSGEPL1,5.2115E-02,2.2625E-01,0.5335,3.3623E-02,0.4623,8.3700E-02,0.6977,5.6142E-01,0.4405
NUF2,5.2459E-02,2.2674E-01,1.4523,3.2693E-02,0.9261,1.0607E-08,2.8971,6.4754E-01,0.5337
MARCH3,5.2528E-02,2.2684E-01,0.7854,3.0887E-01,0.4864,2.0077E-01,0.8759,1.7088E-01,0.9939
CENPA,5.3195E-02,2.2780E-01,1.4444,2.9804E-01,0.6192,1.9780E-06,2.7052,3.8536E-01,1.0088
KIF22,5.5075E-02,2.3045E-01,0.8722,4.0989E-01,0.4130,1.4203E-03,1.5460,2.8005E-01,0.6575
STAT6,5.6874E-02,2.3293E-01,-0.3987,5.4283E-02,-0.2575,3.7497E-01,-0.3325,2.6955E-01,-0.6060
TGFBR2,5.7912E-02,2.3434E-01,-0.6921,2.2839E-01,-0.3862,4.4857E-01,-0.6027,2.6068E-02,-1.0874
TBCK,5.8081E-02,2.3457E-01,-0.5315,4.4783E-01,-0.3100,9.7400E-02,-0.5788,1.5848E-01,-0.7058
DEPDC1B,5.8549E-02,2.3520E-01,1.3214,5.5536E-02,0.8684,6.6183E-04,2.3110,6.4940E-01,0.7846
PCDHGB7,6.0174E-02,2.3736E-01,-1.1384,8.8006E-02,-0.8910,2.8964E-03,-1.8471,6.2116E-01,-0.6771
BICC1,6.0198E-02,2.3739E-01,-0.6918,6.0587E-01,-0.2824,7.0573E-02,-0.8138,3.5719E-02,-0.9793
DUS4L,6.0879E-02,2.3828E-01,0.4993,8.5774E-02,0.4502,4.2400E-01,0.4917,2.0506E-01,0.5559
LRRC15,6.2250E-02,2.4005E-01,-1.2635,5.9430E-02,-0.9644,6.5137E-02,-1.4001,5.9560E-01,-1.4261
CDT1,6.2254E-02,2.4006E-01,1.1178,3.2870E-01,0.6267,7.3790E-03,1.9158,3.8410E-01,0.8109
DDX12P,6.2497E-02,2.4037E-01,1.1935,1.9581E-01,0.5837,7.6619E-04,2.3818,5.2454E-01,0.6148
TMPO-AS1,6.2901E-02,2.4089E-01,1.2675,7.5154E-03,0.9434,1.3498E-03,2.3905,7.1380E-01,0.4687
RP11-492E3.2,6.3491E-02,2.4164E-01,1.3786,1.4758E-01,1.0941,1.9667E-01,1.4618,3.8067E-01,1.5799
UHRF1,6.3864E-02,2.4211E-01,0.9559,1.5647E-01,0.6034,3.3703E-05,1.7103,5.6983E-01,0.5541
CELF2,6.4005E-02,2.4229E-01,-1.4111,6.3677E-01,-0.5242,1.5176E-03,-2.1389,8.8582E-02,-1.5702
SIPA1L3,6.4144E-02,2.4246E-01,0.7049,4.8943E-02,0.5282,4.4115E-01,0.5931,2.3730E-01,0.9932
BRIP1,6.4418E-02,2.4281E-01,1.1841,1.4116E-03,1.0251,4.0047E-10,2.0432,7.2702E-01,0.4839
CDC45,6.4426E-02,2.4282E-01,1.3070,1.1563E-01,0.9166,1.4340E-03,2.3118,6.1139E-01,0.6925
STAMBPL1,6.4441E-02,2.4284E-01,0.6950,1.2880E-01,0.6598,4.1017E-01,0.6164,1.8955E-01,0.8088
C3orf55,6.4458E-02,2.4286E-01,-0.7089,6.2720E-02,-0.6764,1.4923E-01,-0.9005,5.1663E-01,-0.5498
RNF135,6.4724E-02,2.4319E-01,-0.4234,3.8963E-01,-0.1464,6.0670E-02,-0.6359,2.7927E-01,-0.4880
TNKS1BP1,6.5569E-02,2.4425E-01,-0.4670,2.8396E-01,-0.2282,7.2188E-02,-0.6219,3.7659E-01,-0.5507
PLEKHA4,6.5959E-02,2.4473E-01,-0.5895,6.5235E-03,-0.4739,2.2994E-01,-0.4589,4.9772E-01,-0.8357
NEIL3,6.6236E-02,2.4507E-01,1.3162,2.0373E-03,0.9807,2.6594E-05,2.4201,7.3315E-01,0.5477
GAS6-AS2,6.6561E-02,2.4547E-01,-0.5695,2.5651E-01,-0.3456,1.6142E-01,-0.6562,3.1849E-01,-0.7068
DPP4,6.7001E-02,2.4601E-01,-1.2536,6.3406E-01,-0.4658,1.0769E-06,-1.8950,1.0397E-01,-1.3999
FEZ1,6.7200E-02,2.4626E-01,-0.6906,6.6007E-01,-0.2015,4.9609E-04,-1.0560,7.8203E-02,-0.8144
RAB31,6.7391E-02,2.4649E-01,-0.6891,8.3875E-02,-0.4198,6.1521E-01,-0.1893,4.0378E-02,-1.4581
CDCA3,6.7667E-02,2.4682E-01,1.2841,4.5990E-01,0.5839,6.0773E-04,2.5029,2.7996E-01,0.7655
NT5DC2,6.7835E-02,2.4703E-01,0.5086,1.9180E-01,0.3869,4.6539E-01,0.5539,8.3891E-02,0.5850
TMEM206,6.8139E-02,2.4740E-01,0.6042,5.9840E-04,0.4957,3.9095E-01,0.5660,3.5064E-01,0.7509
SNX18,6.8347E-02,2.4765E-01,-0.7002,4.5155E-02,-0.6290,2.6494E-01,-0.7097,4.3286E-01,-0.7620
DDX11,7.0324E-02,2.5001E-01,0.7656,1.6459E-01,0.4951,1.7714E-03,1.2442,5.8368E-01,0.5573
RRM2,7.0498E-02,2.5022E-01,1.4235,6.2720E-02,0.9982,7.3497E-05,2.6500,6.8787E-01,0.6221
CDCA7,7.0631E-02,2.5038E-01,1.7683,1.8577E-01,0.9177,4.3209E-08,3.4031,5.6536E-01,0.9842
ZER1,7.1153E-02,2.5099E-01,-0.3724,1.1309E-02,-0.2801,1.4267E-02,-0.5980,7.2740E-01,-0.2390
E2F2,7.1330E-02,2.5120E-01,1.2822,1.0697E-01,0.9004,6.3158E-03,2.0410,6.4032E-01,0.9050
C5orf38,7.1568E-02,2.5148E-01,-0.5617,3.2693E-02,-0.5077,2.0300E-01,-0.5971,5.1875E-01,-0.5804
DSEL,7.1896E-02,2.5186E-01,-0.6619,2.2733E-01,-0.3276,4.3499E-01,-0.7223,9.3270E-02,-0.9357
FAM109B,7.3552E-02,2.5378E-01,-0.4282,8.7330E-02,-0.3507,1.9891E-01,-0.5056,4.7511E-01,-0.4283
ENPP4,7.4584E-02,2.5496E-01,-1.7168,3.4839E-01,-1.0577,1.0570E-01,-3.3084,3.1080E-01,-0.7842
COMP,7.4986E-02,2.5542E-01,-1.5756,9.2111E-02,-1.1130,6.3270E-01,-0.9751,4.1449E-02,-2.6387
MARCH8,7.5460E-02,2.5596E-01,-0.4919,4.7267E-02,-0.2650,2.9118E-01,-0.5746,4.2943E-01,-0.6361
ACSS1,7.5636E-02,2.5616E-01,-1.0168,5.3407E-05,-1.4082,7.5979E-01,-0.5510,8.6235E-03,-1.0913
SNHG1,7.6091E-02,2.5667E-01,0.6665,1.7447E-01,0.4201,1.8324E-08,1.1319,5.9553E-01,0.4476
FBLN5,7.6129E-02,2.5671E-01,-0.7436,3.0437E-02,-0.6928,3.0865E-10,-1.3622,7.3970E-01,-0.1758
MTSS1L,7.6863E-02,2.5753E-01,-0.6723,2.8787E-01,-0.3772,2.8858E-01,-0.5634,1.9616E-01,-1.0763
CABLES1,7.6976E-02,2.5766E-01,-0.8848,7.2505E-01,-0.1829,4.1081E-02,-0.5451,6.8471E-03,-1.9263
DOK4,7.7390E-02,2.5812E-01,-0.4510,1.5408E-04,-0.5919,1.0027E-01,-0.5028,6.7394E-01,-0.2582
ANP32E,7.7467E-02,2.5821E-01,0.5591,1.1317E-01,0.3739,1.7523E-02,1.0918,6.4392E-01,0.2117
FANCL,7.7991E-02,2.5879E-01,0.4319,3.5803E-02,0.3489,1.4806E-01,0.7124,5.9250E-01,0.2342
CDKN3,7.8089E-02,2.5890E-01,1.3212,3.3841E-01,0.5469,6.4726E-05,2.3859,4.3821E-01,1.0308
GDPD5,7.8351E-02,2.5919E-01,-0.6673,2.8939E-03,-0.6886,1.1839E-02,-1.0254,7.6282E-01,-0.2877
PLK1,7.8542E-02,2.5940E-01,1.2729,3.4539E-01,0.7061,1.3880E-03,2.4366,4.3141E-01,0.6759
METTL3,7.8851E-02,2.5974E-01,0.3771,2.4128E-01,0.2567,7.5949E-02,0.4913,4.6198E-01,0.3832
HOXD10,8.0219E-02,2.6123E-01,-2.2813,2.8055E-03,-3.0764,3.2232E-01,-2.5630,4.5856E-01,-1.2045
ECM2,8.0261E-02,2.6128E-01,-1.3372,4.1707E-01,-0.7424,6.4964E-02,-1.4862,3.0180E-01,-1.7830
SPAG5,8.1194E-02,2.6228E-01,1.1833,2.6274E-01,0.6946,1.3534E-05,2.3643,5.2409E-01,0.4910
GEN1,8.2041E-02,2.6319E-01,0.6984,3.0725E-02,0.5243,4.5098E-06,1.3607,7.5885E-01,0.2102
RETSAT,8.2523E-02,2.6371E-01,-0.4411,5.2604E-05,-0.5567,3.8528E-03,-0.6410,7.8721E-01,-0.1257
CCDC134,8.2596E-02,2.6378E-01,0.5604,2.3822E-01,0.3270,5.7640E-02,0.9197,4.9550E-01,0.4344
KCNK15,8.3937E-02,2.6520E-01,-1.1536,2.7302E-01,-0.8597,3.1055E-01,-1.3164,2.1205E-01,-1.2846
SNX21,8.4303E-02,2.6559E-01,-0.4393,1.0251E-01,-0.3424,4.9278E-01,-0.2584,2.0148E-01,-0.7173
FANCA,8.5036E-02,2.6636E-01,1.2067,7.5164E-02,0.7944,2.6973E-05,2.4224,7.2388E-01,0.4034
CYB561D1,8.5125E-02,2.6645E-01,-0.3270,4.1012E-02,-0.2839,8.6811E-03,-0.5465,7.4965E-01,-0.1505
GINS2,8.5508E-02,2.6685E-01,1.2929,2.8301E-01,0.6933,1.1774E-03,2.2851,5.1635E-01,0.9005
BORA,8.5975E-02,2.6733E-01,0.8805,3.0629E-02,0.6210,3.9873E-06,1.7399,7.7137E-01,0.2807
KRT16,8.6256E-02,2.6762E-01,2.3892,2.8016E-02,1.7063,7.7109E-01,0.8938,3.7706E-03,4.5676
SGOL1,8.6487E-02,2.6786E-01,1.4004,9.7635E-02,0.7855,4.0245E-05,2.8144,7.0591E-01,0.6012
SPC24,8.6711E-02,2.6809E-01,1.3088,3.3841E-01,0.6507,6.3790E-04,2.4875,4.6523E-01,0.7881
C19orf48,8.8637E-02,2.7006E-01,0.6529,1.7997E-01,0.5188,2.7049E-01,0.8001,3.5973E-01,0.6399
ERBB3,8.9122E-02,2.7056E-01,1.4863,1.1246E-02,1.9413,6.3669E-01,0.8571,1.6373E-01,1.6604
HMGN2,8.9736E-02,2.7118E-01,0.6241,5.2337E-01,0.2499,6.4005E-02,0.7634,2.2616E-01,0.8590
DLGAP5,9.0972E-02,2.7242E-01,1.3345,9.9229E-02,0.8652,5.0757E-06,2.5302,7.1801E-01,0.6079
ZNF503,9.1881E-02,2.7332E-01,-0.7654,3.4720E-02,-0.6031,4.2580E-01,-0.5826,3.5945E-01,-1.1105
MXD3,9.2363E-02,2.7380E-01,1.1585,4.9135E-01,0.4014,4.3913E-06,1.9862,3.3003E-01,1.0879
ISM1,9.3762E-02,2.7517E-01,-1.8381,2.5498E-01,-1.4339,5.2770E-02,-2.9096,5.1777E-01,-1.1709
ADARB1,9.4234E-02,2.7563E-01,-1.1322,7.6149E-01,-0.1967,6.5137E-02,-1.0109,2.7515E-04,-2.1889
WNT2B,9.4502E-02,2.7589E-01,1.7011,5.4458E-03,1.3974,8.1450E-01,0.4011,7.7345E-03,3.3047
SH3BP1,9.5031E-02,2.7641E-01,0.9856,6.3753E-01,0.2816,1.7690E-01,0.9171,1.4795E-02,1.7582
DLEU1,9.5239E-02,2.7661E-01,0.4918,3.7094E-02,0.4731,2.8741E-01,0.6628,5.0532E-01,0.3396
FGF7,9.6655E-02,2.7797E-01,-1.3015,4.6452E-01,-0.5797,1.8142E-01,-1.2660,1.8798E-01,-2.0587
SUV39H1,9.8426E-02,2.7966E-01,0.8842,1.5839E-01,0.5537,3.6198E-02,1.8350,6.4439E-01,0.2638
VGLL4,9.8853E-02,2.8007E-01,-0.5827,5.8791E-01,-0.1988,6.5233E-02,-0.8030,1.8705E-01,-0.7464
RP13-463N16.6,9.9010E-02,2.8021E-01,2.1448,8.1769E-01,0.2544,2.2243E-02,1.7835,7.0914E-04,4.3964
CCDC150,1.0004E-01,2.8119E-01,0.7886,1.5535E-01,0.4660,2.5727E-02,1.4136,6.6248E-01,0.4863
FNDC1,1.0197E-01,2.8298E-01,-2.0113,8.2585E-01,-0.3375,3.6677E-04,-3.7875,2.2729E-02,-1.9090
ARHGEF5,1.0211E-01,2.8311E-01,-0.9570,5.2818E-02,-0.8368,6.9626E-01,-0.5449,1.0024E-01,-1.4893
CDIPT,1.0277E-01,2.8372E-01,-0.2928,4.3091E-02,-0.2190,6.3718E-02,-0.5049,7.4434E-01,-0.1545
RABGGTB,1.0315E-01,2.8406E-01,0.4046,7.5931E-02,0.2795,2.8260E-01,0.4874,4.9366E-01,0.4468
MTL5,1.0318E-01,2.8409E-01,2.0311,7.4260E-01,0.3407,9.8941E-02,2.1164,1.0730E-02,3.6363
CD58,1.0322E-01,2.8413E-01,0.7030,5.0392E-01,0.1874,2.5182E-01,0.5843,9.6638E-02,1.3373
MPZL1,1.0360E-01,2.8448E-01,-0.4512,3.0872E-01,-0.2326,7.6636E-02,-0.5930,4.6808E-01,-0.5280
PCDH18,1.0395E-01,2.8480E-01,-0.7062,8.2876E-02,-0.7779,3.7705E-01,-0.4953,3.9446E-01,-0.8452
MARVELD1,1.0453E-01,2.8533E-01,-0.2783,2.3410E-02,-0.1971,1.4627E-01,-0.4478,6.8632E-01,-0.1900
ZIK1,1.0472E-01,2.8550E-01,0.3642,1.6652E-02,0.4262,2.6245E-01,0.4825,5.7739E-01,0.1841
ATP8B3,1.0496E-01,2.8571E-01,0.8130,6.7651E-01,0.3030,4.6796E-03,1.2585,1.7595E-01,0.8774
SMARCA2,1.0529E-01,2.8602E-01,-0.5272,6.0798E-01,-0.1998,1.8649E-01,-0.4601,6.3577E-02,-0.9216
KCTD2,1.0560E-01,2.8630E-01,-0.4017,1.4424E-01,-0.1935,5.0201E-01,-0.3697,2.1265E-01,-0.6420
RAD51,1.0563E-01,2.8633E-01,0.9187,1.2556E-01,0.6526,4.7141E-04,1.8255,7.3295E-01,0.2780
GID4,1.0600E-01,2.8666E-01,-0.3768,2.8654E-01,-0.2013,1.8159E-01,-0.4418,3.9184E-01,-0.4872
TMEM56,1.0724E-01,2.8778E-01,1.2006,5.1455E-01,0.4788,1.0491E-01,1.8767,2.4387E-01,1.2463
CENPH,1.0727E-01,2.8780E-01,1.1282,2.8240E-01,0.5662,1.6534E-05,2.2575,5.8099E-01,0.5610
NASP,1.0833E-01,2.8874E-01,0.6158,6.5693E-03,0.5873,7.0050E-05,1.1481,8.5959E-01,0.1120
LRRN4CL,1.0838E-01,2.8879E-01,-0.9025,1.1329E-01,-0.9170,1.1256E-02,-1.3918,7.4182E-01,-0.3986
MCM8,1.0852E-01,2.8891E-01,1.0014,5.7797E-02,0.6999,7.6213E-11,2.1084,8.0894E-01,0.1959
CYB561,1.0936E-01,2.8966E-01,-0.5421,8.1832E-03,-0.6498,6.2831E-01,-0.3594,2.3247E-01,-0.6169
CDC25C,1.0938E-01,2.8967E-01,1.4582,3.3404E-01,0.6887,1.9323E-04,2.9093,5.3477E-01,0.7765
ORC1,1.1080E-01,2.9092E-01,1.0764,2.2101E-01,0.7020,1.0914E-02,2.0032,6.4083E-01,0.5240
MAGOHB,1.1128E-01,2.9134E-01,0.4166,3.3717E-02,0.2001,5.2707E-01,0.4446,3.1324E-01,0.6051
CEP85,1.1143E-01,2.9147E-01,0.5405,5.8894E-02,0.4632,1.3136E-02,0.9734,8.0237E-01,0.1849
PRKD1,1.1152E-01,2.9155E-01,-0.4830,6.4992E-02,-0.4969,2.9214E-01,-0.4632,5.1751E-01,-0.4890
NUP88,1.1288E-01,2.9273E-01,0.3311,3.2101E-02,0.3522,3.6178E-01,0.4040,4.8432E-01,0.2372
HIAT1,1.1292E-01,2.9277E-01,-0.5683,2.1263E-01,-0.5050,2.3497E-01,-0.5355,4.3070E-01,-0.6642
HAT1,1.1299E-01,2.9283E-01,0.4303,6.3218E-02,0.3162,2.5114E-01,0.6713,5.6413E-01,0.3035
ASF1B,1.1355E-01,2.9330E-01,1.2682,2.7885E-01,0.7567,1.2859E-03,2.3822,5.9977E-01,0.6658
SKA1,1.1486E-01,2.9443E-01,1.3065,6.2126E-02,0.8959,1.2486E-02,2.6074,8.0869E-01,0.4162
ABHD14A,1.1506E-01,2.9460E-01,-0.4613,3.4004E-01,-0.2431,4.8267E-02,-0.7064,4.9550E-01,-0.4343
MYBL2,1.1514E-01,2.9467E-01,1.3746,1.0626E-01,0.9797,5.1109E-04,2.7013,7.7724E-01,0.4427
FANCD2,1.1583E-01,2.9526E-01,1.0589,1.1585E-01,0.6960,5.3991E-05,2.1517,7.6987E-01,0.3291
STMN2,1.1619E-01,2.9556E-01,-2.1072,1.4304E-02,-2.7120,4.4799E-07,-3.2938,8.7238E-01,-0.3159
RPL39L,1.1630E-01,2.9566E-01,0.7530,2.9530E-01,0.4760,1.6636E-01,0.9901,4.2531E-01,0.7927
CCDC77,1.1692E-01,2.9618E-01,0.4934,1.6200E-01,0.3820,4.0999E-04,0.8673,7.2613E-01,0.2310
CDCA5,1.1695E-01,2.9621E-01,1.0684,2.3917E-01,0.6731,3.6884E-03,2.0203,6.4576E-01,0.5117
CCDC15,1.1726E-01,2.9647E-01,0.9623,3.1753E-01,0.5618,7.2423E-04,1.8675,5.7115E-01,0.4577
TWIST2,1.1782E-01,2.9694E-01,-0.6586,2.3064E-02,-0.6428,4.3823E-03,-1.2204,8.6337E-01,-0.1126
CLEC2A,1.1813E-01,2.9720E-01,-2.9171,2.9856E-04,-3.2853,8.9086E-01,-0.7242,4.4314E-04,-4.7419
RAB11FIP3,1.1835E-01,2.9739E-01,-0.3668,1.3301E-01,-0.2633,2.5384E-01,-0.4487,5.0532E-01,-0.3885
CHAF1B,1.1867E-01,2.9766E-01,0.7603,1.3301E-01,0.5957,3.2845E-03,1.4994,7.5668E-01,0.1859
PBX1,1.1894E-01,2.9788E-01,-0.6081,1.5757E-01,-0.5607,2.9490E-03,-0.9283,7.3312E-01,-0.3353
ITGB5,1.1903E-01,2.9795E-01,-0.5748,6.0144E-01,-0.1549,8.6337E-02,-0.5640,2.0608E-01,-1.0056
ODF3B,1.1903E-01,2.9795E-01,-0.8828,5.9467E-02,-0.8727,1.7191E-01,-1.2621,6.6248E-01,-0.5136
ATAD5,1.1916E-01,2.9806E-01,1.0427,1.0013E-02,0.7693,2.5980E-05,2.2434,8.8414E-01,0.1155
DCN,1.1950E-01,2.9835E-01,-0.9611,5.7705E-01,-0.4502,1.1825E-01,-1.0822,1.9975E-01,-1.3511
ST6GALNAC6,1.1951E-01,2.9835E-01,-0.4520,1.3373E-01,-0.2800,2.6739E-01,-0.6236,4.9394E-01,-0.4523
E2F8,1.1955E-01,2.9839E-01,1.6238,4.4356E-03,1.1069,3.6227E-05,3.4878,8.9069E-01,0.2767
CRY2,1.2003E-01,2.9878E-01,-0.4339,2.3519E-01,-0.2197,2.4581E-01,-0.5498,4.1535E-01,-0.5323
EME1,1.2102E-01,2.9961E-01,1.1978,2.5079E-01,0.5848,2.6953E-05,2.5850,6.4800E-01,0.4236
FCRLA,1.2173E-01,3.0019E-01,1.0155,3.9465E-01,0.4746,2.6184E-01,0.8498,2.4406E-01,1.7220
BCL2L12,1.2178E-01,3.0023E-01,0.6122,4.0989E-01,0.3496,4.3064E-02,1.0788,4.4773E-01,0.4082
MIR29B1,1.2232E-01,3.0067E-01,1.0546,3.5444E-01,0.4895,5.2983E-01,0.8179,1.7742E-02,1.8563
MEDAG,1.2235E-01,3.0070E-01,-1.7663,8.8466E-01,-0.2010,5.5020E-03,-2.0763,1.1922E-02,-3.0216
RPF1,1.2235E-01,3.0070E-01,0.3411,9.0119E-02,0.3010,1.0514E-01,0.5395,7.0683E-01,0.1828
NUP37,1.2303E-01,3.0126E-01,0.4326,1.9402E-01,0.2576,1.2874E-01,0.5846,5.8101E-01,0.4554
MFAP4,1.2323E-01,3.0142E-01,-0.7610,4.9586E-01,-0.3566,1.6370E-03,-1.2038,4.0676E-01,-0.7226
NAALADL1,1.2375E-01,3.0184E-01,-0.5530,1.1352E-01,-0.4019,2.4868E-01,-0.6605,5.4331E-01,-0.5967
BUB1B,1.2412E-01,3.0214E-01,1.2799,4.6633E-02,0.9338,2.3215E-06,2.6353,8.5979E-01,0.2707
BUB1,1.2461E-01,3.0254E-01,1.1894,1.3744E-01,0.7067,2.6329E-06,2.3948,7.7017E-01,0.4667
DTL,1.2550E-01,3.0325E-01,1.1940,5.1388E-02,0.8725,1.5342E-05,2.3658,8.5836E-01,0.3438
ESPL1,1.2580E-01,3.0350E-01,1.1311,2.2895E-01,0.6904,2.4506E-05,2.1654,6.8152E-01,0.5375
RNASEH2A,1.2581E-01,3.0350E-01,0.9030,3.7945E-01,0.5039,3.1278E-02,1.6339,4.9979E-01,0.5712
MELK,1.2605E-01,3.0370E-01,0.9416,1.6485E-02,0.7411,9.0754E-07,1.9235,8.9460E-01,0.1603
ZNF436,1.2743E-01,3.0480E-01,-0.6659,6.1029E-01,-0.1565,2.8624E-01,-0.5366,1.7878E-02,-1.3047
FOXE1,1.2773E-01,3.0504E-01,2.9486,7.5154E-03,2.5877,8.7955E-01,1.2821,2.8070E-02,4.9760
PRKG1,1.2792E-01,3.0519E-01,-0.6023,4.8758E-01,-0.3714,6.2255E-02,-0.7406,3.6575E-01,-0.6950
SLC35F6,1.2848E-01,3.0564E-01,-0.2793,2.4599E-01,-0.1319,2.1868E-01,-0.4078,4.5224E-01,-0.2983
NPM1,1.2932E-01,3.0630E-01,0.3924,2.3808E-02,0.3643,4.9611E-01,0.4376,3.9899E-01,0.3752
TOP2A,1.2941E-01,3.0637E-01,1.3092,4.3325E-02,0.9703,1.8462E-09,2.6853,8.7579E-01,0.2720
CCNB2,1.2951E-01,3.0645E-01,1.3075,3.3551E-01,0.6286,2.5851E-06,2.6346,5.8383E-01,0.6593
SEPT11,1.2986E-01,3.0673E-01,-0.5784,8.7447E-02,-0.5644,3.7067E-01,-0.5222,4.6207E-01,-0.6487
FTO,1.3030E-01,3.0707E-01,-0.5525,1.5895E-01,-0.1810,6.5713E-01,-0.2892,1.0514E-01,-1.1872
PJA1,1.3051E-01,3.0724E-01,-0.3397,5.2631E-01,-0.1044,1.0678E-02,-0.5391,3.8474E-01,-0.3755
PTBP2,1.3105E-01,3.0766E-01,0.6042,4.2476E-01,0.2157,3.8814E-03,0.9790,4.9434E-01,0.6180
C12orf29,1.3133E-01,3.0788E-01,0.4136,1.3055E-01,0.2688,5.4005E-01,0.2673,2.5304E-01,0.7045
ERI2,1.3174E-01,3.0820E-01,0.4213,1.0409E-01,0.3874,7.9729E-02,0.6892,7.4078E-01,0.1873
TSPAN3,1.3263E-01,3.0889E-01,-0.3326,1.7794E-01,-0.3298,1.8040E-01,-0.4051,5.6834E-01,-0.2628
FAM19A5,1.3364E-01,3.0968E-01,-0.8812,1.8237E-01,-0.5087,4.5413E-01,-0.5297,2.9253E-01,-1.6051
KIF11,1.3365E-01,3.0969E-01,1.1891,5.0859E-02,0.8786,1.1084E-10,2.5049,8.7820E-01,0.1840
GPC2,1.3411E-01,3.1004E-01,1.0004,6.4251E-02,0.8997,1.5919E-01,1.5118,7.0668E-01,0.5898
C17orf53,1.3426E-01,3.1016E-01,0.8531,3.2658E-01,0.4385,5.0032E-03,1.7644,5.9888E-01,0.3564
FANCI,1.3445E-01,3.1030E-01,1.0064,8.5757E-03,0.8915,9.3116E-06,2.0083,9.2231E-01,0.1193
ST7L,1.3451E-01,3.1035E-01,0.4471,9.8016E-04,0.4448,4.6808E-01,0.4501,4.6198E-01,0.4463
SEPP1,1.3468E-01,3.1048E-01,-1.6469,2.2846E-03,-1.9753,5.6358E-01,-1.5037,3.6558E-01,-1.4616
TIPIN,1.3499E-01,3.1072E-01,0.5307,1.3303E-01,0.3631,2.6589E-02,1.0233,7.7254E-01,0.2056
HOXD9,1.3536E-01,3.1100E-01,-0.8435,5.7123E-01,-0.2749,3.3163E-02,-1.0383,3.2860E-01,-1.2172
KIF24,1.3629E-01,3.1171E-01,0.9839,1.9882E-01,0.5519,4.9424E-05,2.0298,7.3627E-01,0.3698
CHTF18,1.3654E-01,3.1190E-01,1.1389,6.8568E-01,0.3202,3.8838E-06,2.1125,2.5003E-01,0.9840
RCAN1,1.3692E-01,3.1219E-01,0.5379,1.2024E-01,0.5317,7.6971E-02,0.6994,7.3935E-01,0.3826
SCN9A,1.3772E-01,3.1279E-01,1.5225,6.2707E-02,1.6825,8.7421E-01,0.6695,1.4579E-03,2.2155
COL7A1,1.3813E-01,3.1310E-01,1.5399,7.2397E-01,0.2408,2.1162E-01,1.2225,3.7198E-03,3.1564
PREX1,1.3884E-01,3.1364E-01,1.2423,5.1823E-01,0.5044,2.6594E-05,2.3197,4.2266E-01,0.9029
BIRC5,1.3904E-01,3.1380E-01,1.3367,4.8761E-01,0.5469,1.0014E-03,2.3562,4.5278E-01,1.1071
NFE2L3,1.3914E-01,3.1387E-01,1.5275,5.9061E-01,0.2344,3.5100E-01,1.1157,3.9277E-06,3.2323
HDAC9,1.3957E-01,3.1419E-01,-0.8095,1.0702E-01,-1.0681,1.0831E-01,-1.0740,7.2725E-01,-0.2864
ORC5,1.3960E-01,3.1421E-01,0.3608,3.1094E-02,0.4047,2.3200E-01,0.4407,6.7954E-01,0.2369
RP11-150O12.6,1.3984E-01,3.1440E-01,-1.4131,1.4433E-02,-1.1218,9.0352E-01,-0.2517,2.5230E-02,-2.8659
PCNXL2,1.4003E-01,3.1454E-01,-0.5151,2.0618E-02,-0.4517,5.5725E-01,-0.4348,3.6575E-01,-0.6588
CENPI,1.4019E-01,3.1466E-01,1.0715,4.1067E-02,0.6884,1.4879E-09,2.3583,9.0291E-01,0.1679
SNHG10,1.4080E-01,3.1511E-01,0.9772,8.1219E-01,0.1549,2.8002E-02,0.9960,1.0514E-01,1.7807
BATF3,1.4101E-01,3.1527E-01,1.3394,9.0119E-02,1.1234,8.3367E-01,0.5699,2.2016E-02,2.3248
TRIM59,1.4152E-01,3.1565E-01,0.4798,5.6405E-02,0.4302,1.2496E-01,0.7092,7.6558E-01,0.3000
KIAA1377,1.4294E-01,3.1670E-01,-0.6283,5.9984E-02,-0.7239,7.0406E-01,-0.3966,1.8605E-01,-0.7644
PRIMPOL,1.4374E-01,3.1729E-01,0.4345,2.6108E-02,0.3811,4.6809E-02,0.7750,8.7896E-01,0.1475
POLE2,1.4412E-01,3.1757E-01,0.9245,2.4255E-02,0.7166,3.1006E-04,1.9508,9.2814E-01,0.1062
LARGE,1.4459E-01,3.1791E-01,-0.7326,1.5769E-01,-0.6204,2.4839E-03,-1.3245,7.9357E-01,-0.2529
EFNB1,1.4481E-01,3.1807E-01,-0.5424,1.2452E-02,-0.5475,6.1317E-01,-0.3369,3.2860E-01,-0.7429
PLAUR,1.4509E-01,3.1828E-01,0.4757,4.0994E-02,0.5478,1.6086E-01,0.6541,7.5299E-01,0.2251
PAXBP1,1.4613E-01,3.1904E-01,0.4357,2.4323E-01,0.2113,5.5780E-03,0.8111,7.0832E-01,0.2847
TROAP,1.4659E-01,3.1937E-01,1.3056,3.5478E-01,0.6420,3.0787E-05,2.5446,6.0331E-01,0.7300
RIPK4,1.4687E-01,3.1957E-01,-1.2257,1.5362E-02,-1.2971,9.3451E-01,-0.2716,8.8481E-03,-2.1083
RPL22L1,1.4718E-01,3.1980E-01,1.0473,5.9976E-01,0.2550,3.0658E-01,0.7589,5.3062E-02,2.1279
FAM198B,1.4782E-01,3.2026E-01,-1.1973,2.4123E-01,-1.0883,6.3401E-01,-1.1729,8.5556E-02,-1.3307
KRT15,1.4869E-01,3.2089E-01,1.5241,2.9323E-01,0.4417,6.6805E-01,0.5452,1.3973E-03,3.5856
,,,,,,,,,
,,,,,,,,,
,,,,,,,,,
,,,,,,,,,
,,,,,,,,,
,,,,,,,,,
,,,,,,,,,
,,,,,,,,,
,,,,,,,,,
,,,,,,,,,
,,,,,,,,,
,,,,,,,,,
,,,,,,,,,
,,,,,,,,,
,,,,,,,,,
,,,,,,,,,
,,,,,,,,,
,,,,,,,,,
,,,,,,,,,
,,,,,,,,,
,,,,,,,,,
,,,,,,,,,
,,,,,,,,,
,,,,,,,,,
,,,,,,,,,
,,,,,,,,,
,,,,,,,,,
,,,,,,,,,
,,,,,,,,,
,,,,,,,,,
,,,,,,,,,
,,,,,,,,,
,,,,,,,,,
,,,,,,,,,
,,,,,,,,,
,,,,,,,,,
,,,,,,,,,
,,,,,,,,,
,,,,,,,,,
,,,,,,,,,
,,,,,,,,,
,,,,,,,,,
,,,,,,,,,
,,,,,,,,,
,,,,,,,,,
,,,,,,,,,
,,,,,,,,,
,,,,,,,,,
,,,,,,,,,
,,,,,,,,,
,,,,,,,,,
,,,,,,,,,
,,,,,,,,,
,,,,,,,,,
,,,,,,,,,
,,,,,,,,,
,,,,,,,,,
,,,,,,,,,
,,,,,,,,,
,,,,,,,,,
,,,,,,,,,
,,,,,,,,,
,,,,,,,,,
,,,,,,,,,
,,,,,,,,,
,,,,,,,,,
,,,,,,,,,
,,,,,,,,,
,,,,,,,,,
,,,,,,,,,
,,,,,,,,,
,,,,,,,,,
,,,,,,,,,
,,,,,,,,,
,,,,,,,,,
,,,,,,,,,
,,,,,,,,,
,,,,,,,,,
,,,,,,,,,
,,,,,,,,,
,,,,,,,,,
,,,,,,,,,
,,,,,,,,,
,,,,,,,,,
,,,,,,,,,
,,,,,,,,,
,,,,,,,,,
,,,,,,,,,
,,,,,,,,,
,,,,,,,,,
,,,,,,,,,
,,,,,,,,,
,,,,,,,,,
,,,,,,,,,
,,,,,,,,,
,,,,,,,,,
,,,,,,,,,
,,,,,,,,,
,,,,,,,,,
,,,,,,,,,
,,,,,,,,,
,,,,,,,,,
,,,,,,,,,
,,,,,,,,,
,,,,,,,,,
,,,,,,,,,
,,,,,,,,,
,,,,,,,,,
,,,,,,,,,
,,,,,,,,,
,,,,,,,,,
,,,,,,,,,
,,,,,,,,,
,,,,,,,,,
,,,,,,,,,
,,,,,,,,,
,,,,,,,,,
,,,,,,,,,
,,,,,,,,,
,,,,,,,,,
,,,,,,,,,
,,,,,,,,,
,,,,,,,,,
,,,,,,,,,
,,,,,,,,,
,,,,,,,,,
,,,,,,,,,
,,,,,,,,,
,,,,,,,,,