,CombinedP,AvgAdjP,AvgLogFC,Total_FC_padj,Total_FC_log2FC,Gage_FC_padj,Gage_FC_log2FC
PTHLH,1.8441E-16,9.6025E-09,2.9045,1.8030E-11,1.4383,1.9187E-08,4.3707
GMPR,3.1429E-16,1.2536E-08,-2.4655,2.5072E-08,-1.6709,1.1723E-17,-3.2602
C1orf95,1.5624E-15,2.7950E-08,2.0598,1.2729E-17,1.3270,5.5899E-08,2.7925
PPP4R4,9.8495E-15,7.0177E-08,2.0732,3.4060E-09,1.1815,1.3695E-07,2.9649
LINC01007,1.4076E-14,8.3894E-08,2.8550,7.4594E-11,2.2338,1.6771E-07,3.4762
RHCG,1.5773E-14,8.8805E-08,-1.8693,5.4370E-08,-0.9741,1.2324E-07,-2.7645
PENK,2.0721E-14,1.0179E-07,3.2318,9.1302E-32,2.7183,2.0357E-07,3.7453
NEURL1B,2.0485E-13,3.2004E-07,1.9464,8.2085E-16,1.4960,6.4008E-07,2.3968
TOX3,3.1718E-13,3.9823E-07,1.9580,7.8828E-07,0.7403,8.1866E-09,3.1756
LINC00643,6.0669E-13,5.5077E-07,3.3639,4.2432E-15,1.8101,1.1015E-06,4.9177
KIAA1239,6.7359E-13,5.8034E-07,2.7894,6.9884E-07,1.6573,4.6184E-07,3.9215
CALB1,9.0335E-13,6.7207E-07,2.8839,5.6959E-14,2.1656,1.3441E-06,3.6022
LPPR5,1.2214E-12,7.8148E-07,1.9597,2.1492E-10,1.2433,1.5627E-06,2.6761
CRH,2.7935E-12,1.1818E-06,2.5121,1.7236E-06,2.2038,6.4008E-07,2.8205
CAMK4,2.9702E-12,1.2186E-06,1.8263,1.1505E-09,1.5763,2.4361E-06,2.0763
RELN,3.2451E-12,1.2738E-06,2.0961,4.3987E-13,1.5773,2.5476E-06,2.6148
SYTL5,3.6701E-12,1.3546E-06,1.5706,2.9773E-07,0.8330,2.4116E-06,2.3082
ARHGAP20,4.6673E-12,1.5276E-06,2.3975,2.4152E-06,1.2356,6.4008E-07,3.5594
C6orf141,4.8434E-12,1.5562E-06,3.6577,5.6306E-21,3.0717,3.1124E-06,4.2436
NPPA,6.1686E-12,1.7562E-06,2.9057,6.6152E-13,2.3465,3.5124E-06,3.4650
NCAM2,1.0588E-11,2.3009E-06,1.1385,2.4859E-06,0.9044,2.1158E-06,1.3726
DYRK2,1.3255E-11,2.5744E-06,1.6963,1.2495E-07,1.0072,5.0239E-06,2.3854
LINC00488,1.3972E-11,2.6431E-06,3.8366,4.5081E-12,2.6337,5.2862E-06,5.0395
INHBA,2.8513E-11,3.7758E-06,2.5797,2.0367E-11,1.9552,7.5515E-06,3.2042
CTC-471C19.1,7.2505E-11,6.0210E-06,2.2372,5.3387E-07,1.4504,1.1508E-05,3.0241
KIT,7.4804E-11,6.1157E-06,1.4613,7.4624E-06,0.7569,4.7690E-06,2.1657
DACT1,7.7914E-11,6.2416E-06,1.9158,3.0433E-09,0.9735,1.2480E-05,2.8581
DR1,8.7013E-11,6.5959E-06,1.1698,1.8910E-07,0.6691,1.3003E-05,1.6705
PRKG2,1.0809E-10,7.3516E-06,2.4948,1.9088E-20,1.3599,1.4703E-05,3.6297
GRIK1,1.1748E-10,7.6643E-06,1.4176,5.4020E-07,0.8896,1.4788E-05,1.9456
C8orf34,1.2437E-10,7.8857E-06,2.3527,1.9696E-17,1.4897,1.5771E-05,3.2158
HCRTR1,1.7006E-10,9.2210E-06,3.5043,2.0071E-07,2.4937,1.8241E-05,4.5149
AKAP5,2.1900E-10,1.0464E-05,1.6263,1.8243E-05,1.1337,2.6855E-06,2.1189
FAM163A,2.5951E-10,1.1391E-05,2.2814,7.1813E-07,1.3525,2.2064E-05,3.2102
TMEM215,3.4615E-10,1.3156E-05,4.8872,1.6427E-16,3.0802,2.6311E-05,6.6942
SCG2,4.9114E-10,1.5671E-05,1.8548,2.2460E-05,1.1610,8.8812E-06,2.5486
ARPP19,7.4363E-10,1.9282E-05,1.4015,1.2675E-09,1.2465,3.8564E-05,1.5566
NEK2,1.1671E-09,2.4157E-05,2.9852,5.3656E-16,2.3132,4.8314E-05,3.6572
OSTN,1.2147E-09,2.4644E-05,2.5752,9.6810E-06,1.8859,3.9608E-05,3.2644
UST,1.2546E-09,2.5046E-05,1.6884,3.3561E-12,1.4077,5.0091E-05,1.9690
PIK3C2G,1.2564E-09,2.5064E-05,3.7315,2.1980E-20,2.1628,5.0129E-05,5.3001
PIFO,1.6567E-09,2.8781E-05,-1.2799,3.2438E-08,-0.9825,5.7530E-05,-1.5774
EGR2,1.8630E-09,3.0521E-05,2.7301,6.1041E-05,1.9288,2.5911E-10,3.5314
SPHKAP,4.2333E-09,4.6007E-05,2.1355,1.0146E-05,1.0788,8.1868E-05,3.1922
SYT6,5.0629E-09,5.0314E-05,1.5602,1.5743E-05,0.9769,8.4884E-05,2.1434
TNNT2,5.3162E-09,5.1557E-05,-3.0050,1.1426E-25,-2.0396,1.0311E-04,-3.9704
FRMPD2,7.6740E-09,6.1944E-05,1.7936,7.7215E-05,1.0406,4.6672E-05,2.5466
DLGAP1-AS4,8.0247E-09,6.3343E-05,1.7401,5.1124E-12,1.4437,1.2669E-04,2.0364
BHLHE22,1.0155E-08,7.1257E-05,1.9160,1.1491E-04,0.9067,2.7605E-05,2.9253
MAFB,1.0651E-08,7.2975E-05,1.2592,3.5617E-05,0.6039,1.1033E-04,1.9145
PTPN4,1.0918E-08,7.3887E-05,0.9866,1.2953E-04,0.6765,1.8241E-05,1.2966
RP11-449L23.2,1.2762E-08,7.9880E-05,3.4308,4.8258E-08,1.7002,1.5971E-04,5.1614
DSG3,1.4895E-08,8.6299E-05,5.0691,2.9041E-12,4.0553,1.7260E-04,6.0828
DLX6-AS1,1.6506E-08,9.0847E-05,1.5992,1.8168E-04,0.7638,1.8725E-08,2.4346
RP11-223I10.1,2.1805E-08,1.0442E-04,-1.5838,8.9003E-05,-0.9530,1.1983E-04,-2.2147
RARRES3,2.3958E-08,1.0945E-04,-1.7971,1.7713E-04,-1.1474,4.1769E-05,-2.4467
PTPRR,2.3960E-08,1.0945E-04,1.6309,2.9068E-05,0.9541,1.8984E-04,2.3077
TRHDE,2.4162E-08,1.0991E-04,1.6235,1.5381E-04,1.0821,6.6014E-05,2.1648
RASGRP1,2.9472E-08,1.2139E-04,1.8320,1.0147E-05,1.3656,2.3264E-04,2.2983
NRIP1,3.6713E-08,1.3549E-04,1.4921,2.5077E-06,0.7125,2.6847E-04,2.2717
KLF10,3.8893E-08,1.3945E-04,1.4528,2.8069E-05,1.2345,2.5083E-04,1.6712
TMEM200A,4.6409E-08,1.5233E-04,2.8940,1.2443E-07,1.6941,3.0454E-04,4.0939
EGR3,5.2475E-08,1.6198E-04,1.6429,5.7833E-06,1.0969,3.1818E-04,2.1889
SEZ6,6.3527E-08,1.7822E-04,1.5131,9.4708E-05,0.8283,2.6174E-04,2.1979
MAN1A1,6.3744E-08,1.7853E-04,1.6441,4.4429E-10,1.3020,3.5705E-04,1.9861
GSG1,6.6974E-08,1.8299E-04,1.9711,2.7353E-06,1.2819,3.6325E-04,2.6604
KCNG1,6.7087E-08,1.8315E-04,2.1883,2.3755E-09,1.9108,3.6629E-04,2.4657
AC013402.2,9.4157E-08,2.1698E-04,1.3994,3.5459E-11,0.8936,4.3395E-04,1.9051
ST8SIA4,9.4159E-08,2.1698E-04,1.2320,3.7852E-09,0.9207,4.3395E-04,1.5432
CBLN4,1.0613E-07,2.3036E-04,1.5128,3.2030E-04,0.9928,1.4041E-04,2.0329
FAM19A1,1.3082E-07,2.5575E-04,1.9539,6.0565E-09,1.5187,5.1149E-04,2.3892
PHACTR1,1.3330E-07,2.5817E-04,1.4645,5.0396E-04,0.5839,1.2383E-05,2.3451
DMKN,1.3468E-07,2.5950E-04,-2.5904,3.9612E-26,-2.0803,5.1901E-04,-3.1005
FAM49B,1.4753E-07,2.7160E-04,1.0597,5.2512E-04,0.6240,1.8070E-05,1.4954
GLRA2,1.5385E-07,2.7736E-04,1.9485,1.9741E-04,0.8443,3.5730E-04,3.0527
EML1,1.5836E-07,2.8139E-04,0.8417,3.8428E-04,0.4715,1.7849E-04,1.2120
ADRA1D,1.8555E-07,3.0459E-04,2.8081,2.6078E-14,2.7217,6.0918E-04,2.8944
MAPRE2,1.9667E-07,3.1358E-04,1.1039,3.2882E-04,0.6157,2.9834E-04,1.5921
PRPS2,2.2749E-07,3.3726E-04,1.5312,2.5747E-05,1.1545,6.4878E-04,1.9079
RHBDL3,2.4598E-07,3.5070E-04,-1.6198,1.0090E-09,-1.5576,7.0140E-04,-1.6820
BRMS1L,2.5948E-07,3.6019E-04,1.0958,7.7412E-05,0.6761,6.4297E-04,1.5156
AMN1,2.7993E-07,3.7412E-04,1.5898,9.9462E-05,0.6352,6.4878E-04,2.5445
CHRM2,2.8572E-07,3.7797E-04,1.8580,1.1952E-04,1.0533,6.3641E-04,2.6628
HIVEP2,3.1035E-07,3.9392E-04,1.4433,5.0298E-08,1.0952,7.8779E-04,1.7914
RP11-567L7.6,3.1309E-07,3.9566E-04,2.0714,7.6929E-04,0.8893,2.2022E-05,3.2534
VLDLR,3.6033E-07,4.2446E-04,1.0145,8.3800E-04,0.6406,1.0922E-05,1.3885
AKT3,4.4861E-07,4.7361E-04,0.9971,7.5464E-04,0.3784,1.9258E-04,1.6158
ELMOD1,5.1992E-07,5.0986E-04,1.6136,1.0132E-03,0.8467,6.5121E-06,2.3805
LINGO2,5.9392E-07,5.4494E-04,1.6350,3.6453E-04,0.8269,7.2535E-04,2.4430
TRUB1,7.3693E-07,6.0701E-04,1.2763,1.0504E-03,0.7354,1.6367E-04,1.8172
GRIN2A,8.0977E-07,6.3631E-04,1.7670,1.2719E-03,0.9906,6.7392E-07,2.5433
PAK7,9.5846E-07,6.9226E-04,1.3663,2.1953E-05,1.0215,1.3626E-03,1.7111
YPEL1,9.6234E-07,6.9367E-04,1.3828,1.2159E-04,0.5914,1.2657E-03,2.1741
QPRT,1.0140E-06,7.1203E-04,-1.3199,1.4134E-03,-0.7069,1.0697E-05,-1.9328
RASSF3,1.0528E-06,7.2554E-04,1.0166,1.8801E-05,0.7247,1.4323E-03,1.3085
KIAA1644,1.0588E-06,7.2761E-04,1.1098,1.2987E-03,0.5687,1.5656E-04,1.6508
TENM3,1.0757E-06,7.3339E-04,1.6124,3.7727E-04,0.9081,1.0895E-03,2.3168
RP11-168K9.2,1.0883E-06,7.3768E-04,2.2680,4.5183E-07,1.5024,1.4749E-03,3.0336
NMU,1.0960E-06,7.4026E-04,3.0227,1.9568E-06,2.0190,1.4786E-03,4.0264
ANKRD6,1.1033E-06,7.4272E-04,1.1554,4.2423E-04,0.5166,1.0612E-03,1.7942
RASGRF1,1.1238E-06,7.4960E-04,1.3686,1.3308E-03,0.8047,1.6842E-04,1.9326
ASAP1,1.1589E-06,7.6123E-04,1.1453,7.8231E-08,0.7619,1.5224E-03,1.5287
YWHAZP4,1.1919E-06,7.7199E-04,1.8641,1.5435E-03,0.5610,4.4237E-07,3.1673
ARL15,1.3036E-06,8.0736E-04,0.9889,2.8983E-04,0.7060,1.3249E-03,1.2718
CALML3-AS1,1.3826E-06,8.3144E-04,2.6135,1.4673E-11,1.9090,1.6629E-03,3.3181
RP5-827C21.4,1.5651E-06,8.8462E-04,-1.4454,1.2502E-03,-0.7214,5.1901E-04,-2.1693
MCHR2,1.5663E-06,8.8497E-04,2.9007,1.7604E-03,1.0255,9.5356E-06,4.7759
AC064875.2,1.5680E-06,8.8545E-04,1.7250,5.4050E-13,1.1630,1.7709E-03,2.2869
RAB11FIP2,1.5731E-06,8.8687E-04,0.8836,3.7644E-05,0.5629,1.7361E-03,1.2043
SPAG6,1.8794E-06,9.6937E-04,1.6766,6.2177E-05,1.1131,1.8766E-03,2.2401
SQLE,1.9578E-06,9.8940E-04,1.0633,1.3576E-03,0.6631,6.2122E-04,1.4634
DNAJC13,1.9741E-06,9.9350E-04,0.7523,1.6866E-04,0.4032,1.8183E-03,1.1013
ADAM19,2.0165E-06,1.0041E-03,1.3420,3.9060E-05,0.8272,1.9692E-03,1.8567
CAMSAP1,2.0502E-06,1.0125E-03,0.8084,1.3762E-03,0.4265,6.4878E-04,1.1904
ZNF436,2.2395E-06,1.0582E-03,1.1938,1.1036E-07,0.8048,2.1162E-03,1.5827
ACVR2A,2.3812E-06,1.0911E-03,1.2363,1.7544E-06,0.6308,2.1805E-03,1.8418
PYGB,2.4201E-06,1.1000E-03,-0.7666,2.2114E-04,-0.5265,1.9789E-03,-1.0067
ANO3,2.5760E-06,1.1349E-03,1.2712,4.2609E-04,1.1585,1.8437E-03,1.3839
HDGFRP3,2.6626E-06,1.1538E-03,0.9196,3.8474E-05,0.6124,2.2692E-03,1.2268
DLEU7,2.6889E-06,1.1595E-03,1.3068,2.3181E-03,0.4555,8.8949E-07,2.1582
LRRC7,2.7121E-06,1.1645E-03,1.2686,1.6802E-03,0.6136,6.4878E-04,1.9237
CDC7,3.0415E-06,1.2332E-03,1.0822,2.3448E-04,0.5711,2.2319E-03,1.5932
CXADR,3.0803E-06,1.2410E-03,1.4598,1.2197E-07,1.1907,2.4820E-03,1.7289
CTD-2023N9.3,3.0868E-06,1.2423E-03,1.5497,2.1700E-06,1.4018,2.4825E-03,1.6975
STAC2,3.1570E-06,1.2564E-03,-1.7805,1.2697E-11,-1.3480,2.5128E-03,-2.2130
AARD,3.1594E-06,1.2569E-03,1.9480,2.1498E-05,1.5701,2.4922E-03,2.3259
THSD7A,3.6203E-06,1.3454E-03,1.6809,2.9395E-16,1.0301,2.6908E-03,2.3316
PNOC,3.6203E-06,1.3454E-03,2.0760,5.8707E-11,1.6242,2.6908E-03,2.5278
SOCS5,3.6435E-06,1.3497E-03,0.8013,8.3236E-04,0.4962,1.8671E-03,1.1063
KCNS1,3.8046E-06,1.3792E-03,-1.7483,2.5293E-03,-0.9318,2.2921E-04,-2.5648
FGF17,3.8127E-06,1.3807E-03,-1.4087,8.8776E-04,-1.0313,1.8737E-03,-1.7861
C20orf112,3.8466E-06,1.3868E-03,0.7518,4.2726E-04,0.4261,2.3464E-03,1.0775
SBNO1,4.0231E-06,1.4183E-03,1.1041,1.7855E-03,0.5596,1.0511E-03,1.6486
SETBP1,4.3854E-06,1.4808E-03,1.1239,2.4825E-03,0.3439,4.7910E-04,1.9039
ATXN1,4.4857E-06,1.4976E-03,0.7965,2.1521E-03,0.3216,8.4310E-04,1.2715
SOWAHA,4.5218E-06,1.5036E-03,1.0777,6.4594E-05,0.7898,2.9427E-03,1.3656
GPR126,4.6050E-06,1.5174E-03,1.7547,6.7865E-04,1.0550,2.3561E-03,2.4544
BRI3BP,4.6739E-06,1.5287E-03,0.8093,1.3147E-03,0.5225,1.7427E-03,1.0961
BMP4,4.7617E-06,1.5430E-03,-1.9688,7.9243E-04,-1.8295,2.2936E-03,-2.1081
TP53I11,4.7781E-06,1.5457E-03,1.3061,2.8579E-03,0.6888,2.3338E-04,1.9234
NPTXR,4.8642E-06,1.5595E-03,1.3688,2.2052E-05,0.9870,3.0970E-03,1.7505
METAP1,5.0523E-06,1.5894E-03,0.8290,2.1546E-03,0.5059,1.0242E-03,1.1521
PPEF1,5.0736E-06,1.5927E-03,1.9863,1.1757E-06,1.7040,3.1843E-03,2.2686
PTP4A1,5.4514E-06,1.6510E-03,0.9316,9.2354E-04,0.5860,2.3784E-03,1.2773
CCSAP,5.8975E-06,1.7172E-03,1.0932,2.9363E-03,0.6671,4.9807E-04,1.5193
RGMB,5.9088E-06,1.7188E-03,1.0504,2.1344E-03,0.6477,1.3033E-03,1.4532
MEF2A,6.0093E-06,1.7334E-03,1.3846,2.0841E-03,0.4946,1.3827E-03,2.2746
DLX1,6.1448E-06,1.7528E-03,1.6464,3.5056E-03,0.5430,8.1066E-08,2.7498
SSBP2,6.6271E-06,1.8203E-03,0.9539,5.1231E-04,0.5696,3.1283E-03,1.3383
NPY5R,6.6972E-06,1.8299E-03,1.7558,1.0407E-03,0.8907,2.6191E-03,2.6208
TADA1,6.8485E-06,1.8505E-03,0.8642,1.8339E-03,0.4686,1.8671E-03,1.2598
PANK3,6.8490E-06,1.8505E-03,1.1241,5.2610E-06,0.7002,3.6958E-03,1.5480
RP13-516M14.1,6.8765E-06,1.8543E-03,-1.4028,1.2682E-05,-1.2400,3.6958E-03,-1.5657
ULK2,7.0447E-06,1.8768E-03,0.8440,5.7761E-05,0.4119,3.6958E-03,1.2762
LINC00507,7.3366E-06,1.9153E-03,2.4445,7.6998E-11,2.0583,3.8306E-03,2.8306
TTC3P1,7.4441E-06,1.9293E-03,2.0048,3.8576E-03,0.5278,9.7139E-07,3.4819
CDC40,7.6840E-06,1.9601E-03,0.9200,1.4092E-03,0.5360,2.5111E-03,1.3040
RP11-147N17.1,7.7987E-06,1.9747E-03,2.4646,1.6802E-03,0.9987,2.2692E-03,3.9304
MAPK8,7.9121E-06,1.9890E-03,0.9671,8.7836E-04,0.6459,3.0996E-03,1.2884
RP11-193H5.1,8.5757E-06,2.0707E-03,3.7493,7.4301E-17,3.3397,4.1414E-03,4.1589
GNPTAB,8.6033E-06,2.0740E-03,1.0544,5.9266E-09,0.7637,4.1481E-03,1.3452
NOL3,8.6645E-06,2.0814E-03,-1.0999,6.9897E-04,-0.7598,3.4639E-03,-1.4400
PDLIM7,8.8874E-06,2.1080E-03,-1.6925,4.2143E-03,-1.0585,1.7129E-06,-2.3264
RFC3,9.5096E-06,2.1806E-03,1.4982,1.1790E-05,0.9805,4.3493E-03,2.0160
1-Mar,9.8913E-06,2.2239E-03,1.1722,4.4178E-03,0.4955,2.9926E-05,1.8489
OR13E1P,9.9913E-06,2.2351E-03,3.1191,2.6902E-03,0.5412,1.7800E-03,5.6969
PLXDC1,1.1169E-05,2.3632E-03,0.7769,4.1534E-04,0.6449,4.3110E-03,0.9089
DRAXIN,1.2034E-05,2.4529E-03,2.0881,8.1870E-11,1.2235,4.9058E-03,2.9528
TECTA,1.2190E-05,2.4688E-03,1.0593,1.6454E-04,0.7864,4.7731E-03,1.3322
RP11-220I1.1,1.2312E-05,2.4811E-03,0.9484,1.1436E-03,0.4570,3.8186E-03,1.4398
VHL,1.2807E-05,2.5305E-03,1.1410,1.2774E-09,0.5268,5.0610E-03,1.7552
TRIO,1.3066E-05,2.5560E-03,0.8257,2.3771E-04,0.4141,4.8743E-03,1.2373
FBXL21,1.3616E-05,2.6092E-03,2.8781,2.9993E-08,1.4879,5.2184E-03,4.2682
MEF2C,1.4075E-05,2.6528E-03,1.3860,1.2499E-03,0.8693,4.0557E-03,1.9028
CLASP2,1.4215E-05,2.6660E-03,0.8377,3.9272E-03,0.4547,1.4048E-03,1.2206
UBXN2B,1.4361E-05,2.6796E-03,0.8324,2.2310E-03,0.5186,3.1283E-03,1.1462
AC007620.3,1.4497E-05,2.6923E-03,2.2457,2.1861E-15,1.0901,5.3846E-03,3.4014
SMARCA2,1.4497E-05,2.6923E-03,0.6859,1.8382E-14,0.4925,5.3846E-03,0.8793
GABRA5,1.4595E-05,2.7014E-03,1.5029,1.3174E-03,0.9569,4.0854E-03,2.0488
GULP1,1.4601E-05,2.7020E-03,1.5097,5.3793E-03,0.5892,2.4663E-05,2.4302
DNAJB5,1.5326E-05,2.7683E-03,1.7265,4.3320E-11,1.6591,5.5365E-03,1.7940
TOM1L1,1.5423E-05,2.7770E-03,1.1167,7.8887E-04,0.5751,4.7651E-03,1.6582
KIF5C,1.6174E-05,2.8437E-03,0.9256,1.6728E-12,0.8112,5.6875E-03,1.0399
CEP68,1.8220E-05,3.0183E-03,0.8267,5.8620E-03,0.3025,1.7456E-04,1.3508
GRB2,1.8714E-05,3.0589E-03,0.9711,5.9427E-03,0.3718,1.7512E-04,1.5705
AP000662.4,1.9304E-05,3.1068E-03,1.6104,1.5152E-04,0.8657,6.0620E-03,2.3552
C14orf132,1.9363E-05,3.1115E-03,0.6608,5.8434E-04,0.5315,5.6387E-03,0.7901
SKAP2,1.9416E-05,3.1157E-03,1.0008,3.1444E-03,0.5923,3.0871E-03,1.4093
NELL1,1.9681E-05,3.1370E-03,1.7068,6.1059E-03,0.7438,1.6803E-04,2.6698
EPHA4,1.9837E-05,3.1494E-03,1.3856,6.1391E-03,0.7922,1.5971E-04,1.9790
CYP4F35P,1.9881E-05,3.1529E-03,-1.7375,2.5077E-06,-1.3184,6.3032E-03,-2.1565
DPP7,2.0144E-05,3.1736E-03,-1.3751,5.6894E-03,-0.8584,6.5779E-04,-1.8917
LINC00936,2.0876E-05,3.2308E-03,1.1073,1.5830E-04,0.8224,6.3032E-03,1.3922
GMFB,2.1648E-05,3.2900E-03,0.8520,1.2338E-03,0.5813,5.3462E-03,1.1228
CCNYL1,2.1818E-05,3.3028E-03,0.9377,9.4708E-05,0.5300,6.5110E-03,1.3454
ZNF675,2.2264E-05,3.3365E-03,0.9565,1.9591E-04,0.5099,6.4771E-03,1.4032
NPTX2,2.3426E-05,3.4224E-03,1.6202,4.3167E-05,1.4607,6.8016E-03,1.7797
ARPC5,2.3678E-05,3.4408E-03,0.8537,3.2427E-07,0.7933,6.8812E-03,0.9140
DIAPH2,2.6020E-05,3.6070E-03,0.7788,1.7949E-07,0.5325,7.2137E-03,1.0252
AKIRIN2,2.6411E-05,3.6339E-03,0.8605,2.1200E-07,0.6312,7.2676E-03,1.0897
RP11-438B23.2,2.6875E-05,3.6657E-03,1.5343,2.9535E-03,1.0697,4.3780E-03,1.9988
FFAR4,2.7095E-05,3.6807E-03,1.2511,2.7615E-03,0.7504,4.5999E-03,1.7518
EXOC6,2.7319E-05,3.6959E-03,1.0471,4.8610E-06,0.6955,7.3868E-03,1.3987
XYLT1,2.7627E-05,3.7166E-03,1.1123,2.1900E-06,0.7233,7.4311E-03,1.5013
CYLD,2.7876E-05,3.7334E-03,0.6884,3.7067E-03,0.4470,3.7601E-03,0.9299
LRRC8B,2.8142E-05,3.7511E-03,0.9713,7.4090E-03,0.6704,9.3303E-05,1.2722
LDLRAD4,2.8278E-05,3.7602E-03,0.9250,7.4634E-06,0.7949,7.5129E-03,1.0551
DUSP7,2.8841E-05,3.7974E-03,0.7603,5.2855E-03,0.3348,2.3093E-03,1.1858
GPR160,2.9243E-05,3.8238E-03,1.5931,7.2137E-03,0.5623,4.3395E-04,2.6240
HSPB8,2.9400E-05,3.8340E-03,-1.0122,3.0383E-03,-0.3694,4.6298E-03,-1.6550
FBXO11,2.9588E-05,3.8463E-03,1.0946,2.0204E-03,0.3824,5.6722E-03,1.8068
PCDHGC5,2.9899E-05,3.8664E-03,2.6726,7.7328E-03,0.7935,1.2324E-07,4.5516
GPR156,3.0775E-05,3.9227E-03,1.7189,4.1083E-04,0.8927,7.4346E-03,2.5451
TC2N,3.1400E-05,3.9623E-03,1.4102,7.8048E-03,0.8150,1.1983E-04,2.0053
POM121,3.3475E-05,4.0911E-03,0.9324,6.5194E-03,0.3726,1.6629E-03,1.4921
TRPC3,3.4253E-05,4.1384E-03,1.2092,6.0034E-05,0.9078,8.2168E-03,1.5106
PVRL1,3.4569E-05,4.1575E-03,0.8576,8.7044E-04,0.7649,7.4445E-03,0.9504
SORBS2,3.4883E-05,4.1763E-03,0.8989,1.2790E-03,0.5360,7.0736E-03,1.2617
TPRN,3.5701E-05,4.2250E-03,-1.1551,4.5237E-03,-0.7426,3.9263E-03,-1.5676
MACROD1,3.6947E-05,4.2981E-03,-1.3069,3.0291E-03,-0.7094,5.5671E-03,-1.9043
GNB4,3.7264E-05,4.3165E-03,1.6360,7.6335E-10,0.9329,8.6330E-03,2.3392
P2RX6,3.9189E-05,4.4266E-03,-1.4023,3.4896E-03,-0.6526,5.3635E-03,-2.1521
RECQL5,3.9851E-05,4.4638E-03,-0.7387,2.4050E-03,-0.4661,6.5226E-03,-1.0113
MEG9,4.0224E-05,4.4847E-03,-1.2748,4.2756E-04,-0.9684,8.5418E-03,-1.5813
PROM1,4.0314E-05,4.4896E-03,1.4757,1.1221E-05,1.1127,8.9681E-03,1.8388
ZNRF1,4.0788E-05,4.5160E-03,0.8410,5.5217E-05,0.5678,8.9767E-03,1.1142
MAL2,4.1286E-05,4.5435E-03,1.3268,1.1021E-04,1.2251,8.9767E-03,1.4285
CDK17,4.2306E-05,4.5993E-03,1.0963,1.9685E-03,0.5911,7.2300E-03,1.6015
HOMER2,4.5607E-05,4.7753E-03,0.9280,5.1949E-07,0.5475,9.5501E-03,1.3085
SGSH,4.6579E-05,4.8259E-03,-1.0426,1.0170E-04,-0.9951,9.5501E-03,-1.0901
SPIN1,4.7693E-05,4.8833E-03,0.9834,5.1596E-03,0.5007,4.6071E-03,1.4660
SLC26A4-AS1,4.8886E-05,4.9440E-03,1.2239,9.0908E-03,0.7774,7.9721E-04,1.6705
GLCE,4.9312E-05,4.9655E-03,1.1200,3.3045E-04,0.6953,9.6005E-03,1.5447
HCG18,4.9741E-05,4.9870E-03,0.8397,9.9024E-03,0.5248,7.1648E-05,1.1546
RARB,4.9767E-05,4.9883E-03,1.0024,6.9148E-03,0.6548,3.0619E-03,1.3500
ARHGEF7,5.0046E-05,5.0023E-03,0.8326,4.4681E-03,0.4386,5.5365E-03,1.2266
HUNK,5.0923E-05,5.0459E-03,1.2001,9.8512E-03,0.4358,2.4068E-04,1.9644
GNA14,5.2143E-05,5.1060E-03,-1.2534,6.5334E-03,-0.6266,3.6786E-03,-1.8801
TNFRSF25,5.2158E-05,5.1068E-03,-1.0820,4.5455E-03,-0.9358,5.6681E-03,-1.2282
ARHGAP32,5.3650E-05,5.1793E-03,0.8732,6.3342E-03,0.4805,4.0243E-03,1.2660
RP11-384O8.1,5.3965E-05,5.1945E-03,1.2905,6.7856E-04,1.1224,9.7104E-03,1.4585
SOCS7,5.4922E-05,5.2403E-03,1.8900,3.7807E-07,0.6871,1.0480E-02,3.0930
RNF145,5.6918E-05,5.3347E-03,0.8128,6.0695E-03,0.5618,4.5999E-03,1.0638
DLG2,5.7288E-05,5.3520E-03,0.9056,9.5175E-03,0.3405,1.1865E-03,1.4706
COMMD2,5.7925E-05,5.3817E-03,0.7478,2.0341E-03,0.4762,8.7293E-03,1.0193
FLYWCH1,5.8717E-05,5.4183E-03,-0.8297,5.2392E-03,-0.6365,5.5975E-03,-1.0229
CLOCK,6.0255E-05,5.4889E-03,0.8619,1.0590E-02,0.4212,3.8776E-04,1.3026
FAM188B,6.1085E-05,5.5265E-03,-1.4447,5.2790E-03,-0.6446,5.7741E-03,-2.2449
DNALI1,6.1767E-05,5.5573E-03,-0.8745,2.1243E-03,-0.5597,8.9903E-03,-1.1894
S100A6,6.3022E-05,5.6135E-03,-1.1268,9.1455E-03,-0.3052,2.0814E-03,-1.9484
TGIF1,6.3698E-05,5.6435E-03,-1.2405,1.4482E-03,-0.7631,9.8388E-03,-1.7178
OSBPL8,6.7211E-05,5.7970E-03,0.8440,5.3531E-04,0.6031,1.1059E-02,1.0850
CYTH3,6.8380E-05,5.8472E-03,0.7018,2.8565E-04,0.3998,1.1409E-02,1.0038
TXNDC16,6.8814E-05,5.8657E-03,0.8970,4.7016E-03,0.3354,7.0299E-03,1.4586
SLC39A6,6.9639E-05,5.9008E-03,0.6788,1.3905E-03,0.3748,1.0411E-02,0.9829
FAM184B,7.1658E-05,5.9857E-03,1.7823,1.1743E-02,0.4227,2.2810E-04,3.1418
RGS17,7.3706E-05,6.0707E-03,1.2450,1.0274E-02,0.5200,1.8671E-03,1.9701
RP11-697E2.7,7.3722E-05,6.0713E-03,1.0839,8.6148E-05,0.5413,1.2057E-02,1.6265
KIF12,7.3933E-05,6.0800E-03,1.5048,2.3001E-03,0.8317,9.8599E-03,2.1780
KCNH7,7.4335E-05,6.0965E-03,1.8291,5.4568E-09,0.9775,1.2193E-02,2.6808
RGP1,7.5658E-05,6.1505E-03,0.6529,1.1692E-02,0.2146,6.0947E-04,1.0912
DDHD2,7.6513E-05,6.1852E-03,0.7838,6.5349E-03,0.5021,5.8354E-03,1.0655
RANBP2,7.6535E-05,6.1861E-03,0.6776,1.0052E-02,0.3791,2.3206E-03,0.9760
CITED2,7.6621E-05,6.1895E-03,1.0116,1.0671E-02,0.5271,1.7076E-03,1.4961
B3GAT1,7.6643E-05,6.1904E-03,0.7043,3.1290E-03,0.3767,9.2519E-03,1.0319
PHF20L1,7.8565E-05,6.2676E-03,0.8646,2.1240E-03,0.3262,1.0411E-02,1.4030
RP11-204C16.4,7.8868E-05,6.2796E-03,1.9502,1.2559E-02,0.7329,9.7505E-08,3.1676
NR4A3,7.9520E-05,6.3056E-03,1.4817,1.3800E-03,1.0723,1.1231E-02,1.8911
TMEM155,7.9626E-05,6.3098E-03,1.4437,3.4742E-03,1.1643,9.1453E-03,1.7232
OSBP2,8.4756E-05,6.5099E-03,0.8744,3.2216E-04,0.5995,1.2698E-02,1.1493
MOXD1,8.5204E-05,6.5270E-03,-1.0971,2.8680E-03,-0.6801,1.0186E-02,-1.5141
TBRG1,8.5288E-05,6.5303E-03,1.0569,1.1280E-02,0.4566,1.7800E-03,1.6572
CACNA2D1,8.5609E-05,6.5425E-03,1.0050,2.3654E-03,0.7630,1.0720E-02,1.2470
HRH2,8.5934E-05,6.5549E-03,2.4264,1.3107E-02,0.5313,2.9995E-06,4.3216
SLMAP,8.8425E-05,6.6493E-03,0.6416,4.5747E-07,0.3276,1.3298E-02,0.9556
CELF2,8.9759E-05,6.6992E-03,0.8514,8.1396E-03,0.4878,5.2589E-03,1.2150
LMNA,9.1726E-05,6.7722E-03,-1.0934,1.2198E-02,-0.7805,1.3465E-03,-1.4063
CRYL1,9.2125E-05,6.7870E-03,-1.0443,3.5509E-03,-0.5452,1.0023E-02,-1.5434
OSBPL1A,9.7847E-05,6.9946E-03,0.9654,2.2114E-04,0.5446,1.3768E-02,1.3863
SDHAF2,9.8317E-05,7.0113E-03,-1.0023,6.6358E-03,-0.4413,7.3868E-03,-1.5634
KIAA1107,1.0455E-04,7.2301E-03,1.0177,1.2982E-03,0.7580,1.3162E-02,1.2774
AGPAT2,1.0515E-04,7.2510E-03,-1.4354,1.3980E-02,-0.7320,5.2172E-04,-2.1388
SCN5A,1.0669E-04,7.3038E-03,1.7206,3.1254E-07,1.5183,1.4607E-02,1.9230
FILIP1,1.0918E-04,7.3886E-03,1.2369,5.5252E-03,0.7142,9.2519E-03,1.7596
FSTL3,1.1073E-04,7.4407E-03,-1.2414,1.4881E-02,-0.5064,2.6127E-09,-1.9764
YWHAZP3,1.1107E-04,7.4521E-03,1.7906,1.4904E-02,0.6027,9.7505E-08,2.9785
SFTPC,1.1468E-04,7.5723E-03,-1.5409,1.5943E-03,-0.8651,1.3550E-02,-2.2167
MSL1,1.1745E-04,7.6633E-03,0.7355,1.3108E-03,0.3463,1.4016E-02,1.1248
GPX3,1.1829E-04,7.6907E-03,-1.2969,1.4700E-02,-0.5389,6.8171E-04,-2.0549
RFC5,1.2084E-04,7.7731E-03,0.6894,1.0888E-02,0.2647,4.6584E-03,1.1141
KCNH5,1.2109E-04,7.7812E-03,1.9314,1.3150E-03,0.9256,1.4247E-02,2.9372
C11orf95,1.2319E-04,7.8483E-03,0.8161,2.3753E-05,0.5911,1.5673E-02,1.0411
FAM132B,1.3055E-04,8.0792E-03,1.2451,1.2685E-04,0.8248,1.6031E-02,1.6654
PDYN,1.3068E-04,8.0833E-03,1.6525,4.1552E-03,1.1780,1.2011E-02,2.1270
RAP2B,1.3120E-04,8.0994E-03,1.0940,5.2229E-04,0.7865,1.5677E-02,1.4014
HECTD2,1.3223E-04,8.1313E-03,1.0524,1.9463E-04,0.5782,1.6068E-02,1.5267
H2AFJ,1.3303E-04,8.1556E-03,-1.2573,1.2833E-02,-0.7832,3.4783E-03,-1.7314
SLN,1.3444E-04,8.1987E-03,2.0787,1.2630E-02,1.3858,3.7678E-03,2.7717
TM6SF1,1.3454E-04,8.2018E-03,0.9964,1.3439E-02,0.5100,2.9650E-03,1.4828
SSX2IP,1.3476E-04,8.2086E-03,0.9606,4.0461E-04,0.8292,1.6013E-02,1.0921
VWA1,1.3685E-04,8.2721E-03,-1.3475,1.3265E-02,-0.9931,3.2789E-03,-1.7018
SLC44A3,1.4036E-04,8.3774E-03,-1.0061,6.5921E-03,-0.7118,1.0163E-02,-1.3003
CLU,1.4342E-04,8.4681E-03,-1.5101,1.6922E-02,-0.4950,1.3771E-05,-2.5252
HIST1H2BK,1.4561E-04,8.5325E-03,0.8817,5.9070E-04,0.6787,1.6474E-02,1.0847
TAF6L,1.4584E-04,8.5393E-03,-0.8550,1.1338E-03,-0.4012,1.5945E-02,-1.3088
PIK3R2,1.4768E-04,8.5931E-03,0.8540,1.3196E-03,0.4900,1.5867E-02,1.2180
RP1-90J20.11,1.4956E-04,8.6476E-03,-1.2022,2.5100E-06,-0.8769,1.7293E-02,-1.5275
KCTD16,1.5085E-04,8.6848E-03,1.1885,1.4427E-02,0.7114,2.9427E-03,1.6656
RASGRF2,1.5156E-04,8.7051E-03,0.9493,4.8251E-03,0.5756,1.2585E-02,1.3229
UBR3,1.5232E-04,8.7270E-03,0.8245,1.1699E-03,0.5576,1.6284E-02,1.0914
CHM,1.5525E-04,8.8104E-03,0.9254,1.5941E-02,0.4722,1.6800E-03,1.3786
EGR1,1.5616E-04,8.8363E-03,1.4843,1.2250E-04,1.5030,1.7550E-02,1.4656
KITLG,1.5704E-04,8.8611E-03,1.2633,1.7073E-02,0.5730,6.4878E-04,1.9537
PTBP3,1.6117E-04,8.9771E-03,0.7365,3.1057E-06,0.5236,1.7951E-02,0.9494
APPL1,1.6214E-04,9.0038E-03,0.5905,9.6497E-05,0.4492,1.7911E-02,0.7319
COX10-AS1,1.6549E-04,9.0964E-03,0.8863,3.5376E-05,0.5137,1.8157E-02,1.2588
TPBGL,1.7042E-04,9.2310E-03,1.2679,2.0035E-03,0.8855,1.6459E-02,1.6503
SFRP2,1.7047E-04,9.2323E-03,-1.3533,8.6162E-03,-1.0546,9.8485E-03,-1.6520
TRPC4,1.7418E-04,9.3321E-03,1.3841,3.0249E-06,0.7770,1.8661E-02,1.9913
GRM2,1.7866E-04,9.4515E-03,1.0082,7.9998E-03,0.6852,1.0903E-02,1.3313
HS3ST1,1.7944E-04,9.4720E-03,1.0019,1.5146E-05,0.8270,1.8929E-02,1.1768
DUSP6,1.8063E-04,9.5034E-03,1.2996,5.6356E-05,1.3717,1.8950E-02,1.2275
SLC25A28,1.8225E-04,9.5460E-03,-0.6262,1.2157E-03,-0.2798,1.7876E-02,-0.9726
ZYX,1.8252E-04,9.5531E-03,-0.8792,4.9157E-03,-0.6716,1.4191E-02,-1.0868
LGALS3BP,1.8291E-04,9.5633E-03,-1.1714,1.6836E-02,-0.6708,2.2907E-03,-1.6720
SHD,1.8406E-04,9.5932E-03,-1.3694,1.6107E-02,-0.8016,3.0790E-03,-1.9373
MSANTD1,1.8691E-04,9.6672E-03,1.2367,5.3221E-03,0.6233,1.4012E-02,1.8502
GUSBP5,1.8864E-04,9.7118E-03,1.4204,3.2743E-03,0.8491,1.6149E-02,1.9916
CGGBP1,1.9273E-04,9.8166E-03,0.6688,1.1823E-02,0.3504,7.8099E-03,0.9872
MEPCE,1.9682E-04,9.9203E-03,-0.7592,5.8265E-03,-0.3604,1.4014E-02,-1.1580
ARL2,1.9845E-04,9.9612E-03,-1.2205,1.5036E-02,-0.5250,4.8861E-03,-1.9159
THBS1,2.0684E-04,1.0170E-02,1.9392,1.8674E-02,0.6946,1.6653E-03,3.1839
GRID2,2.1024E-04,1.0253E-02,0.8189,8.3553E-04,0.3492,1.9670E-02,1.2886
COMMD4,2.1386E-04,1.0341E-02,-0.9794,1.1339E-02,-0.3969,9.3421E-03,-1.5620
ZWILCH,2.1671E-04,1.0409E-02,1.0362,2.2871E-03,0.7129,1.8532E-02,1.3596
FBXO34,2.1977E-04,1.0483E-02,1.0715,1.9560E-02,0.6043,1.4049E-03,1.5388
CPNE8,2.2007E-04,1.0490E-02,1.1105,3.1632E-04,0.6704,2.0663E-02,1.5505
EPN3,2.2070E-04,1.0505E-02,-2.1348,1.8965E-07,-1.3086,2.1010E-02,-2.9609
KLHL23,2.3667E-04,1.0878E-02,1.0982,9.1699E-19,0.9303,2.1757E-02,1.2661
STARD4,2.4349E-04,1.1034E-02,1.2010,1.3867E-06,1.1392,2.2066E-02,1.2629
LHX6,2.4478E-04,1.1063E-02,1.1584,2.1532E-02,0.5438,5.9397E-04,1.7730
ARFGEF1,2.4501E-04,1.1068E-02,0.5956,1.4918E-03,0.3125,2.0645E-02,0.8787
JAKMIP2,2.4560E-04,1.1081E-02,0.5632,3.1699E-04,0.3402,2.1846E-02,0.7862
GPR45,2.4713E-04,1.1116E-02,3.3767,2.1876E-02,0.5634,3.5620E-04,6.1901
ATG12,2.5364E-04,1.1261E-02,0.4967,1.3462E-02,0.2569,9.0603E-03,0.7364
CDC42EP3,2.5396E-04,1.1269E-02,1.0702,6.7109E-04,0.7405,2.1866E-02,1.3998
WDR44,2.5414E-04,1.1273E-02,0.8944,1.2769E-02,0.2512,9.7766E-03,1.5377
LINC00943,2.5621E-04,1.1318E-02,2.1823,2.5780E-15,2.6575,2.2637E-02,1.7071
ZBTB18,2.5785E-04,1.1354E-02,0.9537,3.4996E-07,0.9233,2.2709E-02,0.9841
ROBO1,2.6225E-04,1.1451E-02,0.8359,3.1879E-04,0.3853,2.2583E-02,1.2865
,,,,,,,